idTournee;coherente;dateTournee;heureDepart;heureArrivee;tempsTournee;zone0;zone1;zone2;zone3;zone4;zone5;zone6;zone7;zone8;zone9;zone10;zone11;zone12;zone13;zone14;zone15;zone16;zone17;zone18;zone19;zone20
1617;VRAI;22/08/2018;00/01/1900;00/01/1900;00/01/1900;;00/01/1900;00/01/1900;00/01/1900;00/01/1900;00/01/1900;00/01/1900;00/01/1900;00/01/1900;00/01/1900;00/01/1900;00/01/1900;00/01/1900;00/01/1900;00/01/1900;00/01/1900;00/01/1900;00/01/1900;00/01/1900;00/01/1900;00/01/1900
1618;FAUX;22/08/2018;00/01/1900;00/01/1900;00/01/1900;;00/01/1900;00/01/1900;00/01/1900;00/01/1900;00/01/1900;00/01/1900;00/01/1900;00/01/1900;00/01/1900;00/01/1900;00/01/1900;00/01/1900;00/01/1900;00/01/1900;00/01/1900;00/01/1900;00/01/1900;00/01/1900;00/01/1900;00/01/1900
1619;VRAI;22/08/2018;00/01/1900;00/01/1900;00/01/1900;;00/01/1900;00/01/1900;00/01/1900;00/01/1900;00/01/1900;00/01/1900;00/01/1900;00/01/1900;00/01/1900;00/01/1900;00/01/1900;00/01/1900;00/01/1900;00/01/1900;00/01/1900;00/01/1900;00/01/1900;00/01/1900;00/01/1900;00/01/1900
1620;VRAI;22/08/2018;00/01/1900;00/01/1900;00/01/1900;;00/01/1900;00/01/1900;00/01/1900;00/01/1900;00/01/1900;00/01/1900;00/01/1900;00/01/1900;00/01/1900;00/01/1900;00/01/1900;00/01/1900;00/01/1900;00/01/1900;00/01/1900;00/01/1900;00/01/1900;00/01/1900;00/01/1900;00/01/1900
1621;VRAI;22/08/2018;00/01/1900;00/01/1900;00/01/1900;;00/01/1900;00/01/1900;00/01/1900;00/01/1900;00/01/1900;00/01/1900;00/01/1900;00/01/1900;00/01/1900;00/01/1900;00/01/1900;00/01/1900;00/01/1900;00/01/1900;00/01/1900;00/01/1900;00/01/1900;00/01/1900;00/01/1900;00/01/1900
1622;VRAI;22/08/2018;00/01/1900;00/01/1900;00/01/1900;;00/01/1900;00/01/1900;00/01/1900;00/01/1900;00/01/1900;00/01/1900;00/01/1900;00/01/1900;00/01/1900;00/01/1900;00/01/1900;00/01/1900;00/01/1900;00/01/1900;00/01/1900;00/01/1900;00/01/1900;00/01/1900;00/01/1900;00/01/1900
1623;VRAI;22/08/2018;00/01/1900;00/01/1900;00/01/1900;;00/01/1900;00/01/1900;00/01/1900;00/01/1900;00/01/1900;00/01/1900;00/01/1900;00/01/1900;00/01/1900;00/01/1900;00/01/1900;00/01/1900;00/01/1900;00/01/1900;00/01/1900;00/01/1900;00/01/1900;00/01/1900;00/01/1900;00/01/1900
1624;VRAI;22/08/2018;00/01/1900;00/01/1900;00/01/1900;;00/01/1900;00/01/1900;00/01/1900;00/01/1900;00/01/1900;00/01/1900;00/01/1900;00/01/1900;00/01/1900;00/01/1900;00/01/1900;00/01/1900;00/01/1900;00/01/1900;00/01/1900;00/01/1900;00/01/1900;00/01/1900;00/01/1900;00/01/1900
1625;VRAI;22/08/2018;00/01/1900;00/01/1900;00/01/1900;;00/01/1900;00/01/1900;00/01/1900;00/01/1900;00/01/1900;00/01/1900;00/01/1900;00/01/1900;00/01/1900;00/01/1900;00/01/1900;00/01/1900;00/01/1900;00/01/1900;00/01/1900;00/01/1900;00/01/1900;00/01/1900;00/01/1900;00/01/1900
1626;VRAI;22/08/2018;00/01/1900;00/01/1900;00/01/1900;;00/01/1900;00/01/1900;00/01/1900;00/01/1900;00/01/1900;00/01/1900;00/01/1900;00/01/1900;00/01/1900;00/01/1900;00/01/1900;00/01/1900;00/01/1900;00/01/1900;00/01/1900;00/01/1900;00/01/1900;00/01/1900;00/01/1900;00/01/1900
1627;VRAI;22/08/2018;00/01/1900;00/01/1900;00/01/1900;;00/01/1900;00/01/1900;00/01/1900;00/01/1900;00/01/1900;00/01/1900;00/01/1900;00/01/1900;00/01/1900;00/01/1900;00/01/1900;00/01/1900;00/01/1900;00/01/1900;00/01/1900;00/01/1900;00/01/1900;00/01/1900;00/01/1900;00/01/1900
1628;VRAI;22/08/2018;00/01/1900;00/01/1900;00/01/1900;;00/01/1900;00/01/1900;00/01/1900;00/01/1900;00/01/1900;00/01/1900;00/01/1900;00/01/1900;00/01/1900;00/01/1900;00/01/1900;00/01/1900;00/01/1900;00/01/1900;00/01/1900;00/01/1900;00/01/1900;00/01/1900;00/01/1900;00/01/1900
1629;VRAI;22/08/2018;00/01/1900;00/01/1900;00/01/1900;;00/01/1900;00/01/1900;00/01/1900;00/01/1900;00/01/1900;00/01/1900;00/01/1900;00/01/1900;00/01/1900;00/01/1900;00/01/1900;00/01/1900;00/01/1900;00/01/1900;00/01/1900;00/01/1900;00/01/1900;00/01/1900;00/01/1900;00/01/1900
1630;VRAI;22/08/2018;00/01/1900;00/01/1900;00/01/1900;;00/01/1900;00/01/1900;00/01/1900;00/01/1900;00/01/1900;00/01/1900;00/01/1900;00/01/1900;00/01/1900;00/01/1900;00/01/1900;00/01/1900;00/01/1900;00/01/1900;00/01/1900;00/01/1900;00/01/1900;00/01/1900;00/01/1900;00/01/1900
1631;FAUX;23/08/2018;00/01/1900;00/01/1900;00/01/1900;;00/01/1900;00/01/1900;00/01/1900;00/01/1900;00/01/1900;00/01/1900;00/01/1900;00/01/1900;00/01/1900;00/01/1900;00/01/1900;00/01/1900;00/01/1900;00/01/1900;00/01/1900;00/01/1900;00/01/1900;00/01/1900;00/01/1900;00/01/1900
1632;VRAI;23/08/2018;00/01/1900;00/01/1900;00/01/1900;;00/01/1900;00/01/1900;00/01/1900;00/01/1900;00/01/1900;00/01/1900;00/01/1900;00/01/1900;00/01/1900;00/01/1900;00/01/1900;00/01/1900;00/01/1900;00/01/1900;00/01/1900;00/01/1900;00/01/1900;00/01/1900;00/01/1900;00/01/1900
1633;VRAI;23/08/2018;00/01/1900;00/01/1900;00/01/1900;;00/01/1900;00/01/1900;00/01/1900;00/01/1900;00/01/1900;00/01/1900;00/01/1900;00/01/1900;00/01/1900;00/01/1900;00/01/1900;00/01/1900;00/01/1900;00/01/1900;00/01/1900;00/01/1900;00/01/1900;00/01/1900;00/01/1900;00/01/1900
1634;VRAI;23/08/2018;00/01/1900;00/01/1900;00/01/1900;;00/01/1900;00/01/1900;00/01/1900;00/01/1900;00/01/1900;00/01/1900;00/01/1900;00/01/1900;00/01/1900;00/01/1900;00/01/1900;00/01/1900;00/01/1900;00/01/1900;00/01/1900;00/01/1900;00/01/1900;00/01/1900;00/01/1900;00/01/1900
1635;VRAI;23/08/2018;00/01/1900;00/01/1900;00/01/1900;;00/01/1900;00/01/1900;00/01/1900;00/01/1900;00/01/1900;00/01/1900;00/01/1900;00/01/1900;00/01/1900;00/01/1900;00/01/1900;00/01/1900;00/01/1900;00/01/1900;00/01/1900;00/01/1900;00/01/1900;00/01/1900;00/01/1900;00/01/1900
1636;VRAI;23/08/2018;00/01/1900;00/01/1900;00/01/1900;;00/01/1900;00/01/1900;00/01/1900;00/01/1900;00/01/1900;00/01/1900;00/01/1900;00/01/1900;00/01/1900;00/01/1900;00/01/1900;00/01/1900;00/01/1900;00/01/1900;00/01/1900;00/01/1900;00/01/1900;00/01/1900;00/01/1900;00/01/1900
1637;FAUX;23/08/2018;00/01/1900;00/01/1900;00/01/1900;;00/01/1900;00/01/1900;00/01/1900;00/01/1900;00/01/1900;00/01/1900;00/01/1900;00/01/1900;00/01/1900;00/01/1900;00/01/1900;00/01/1900;00/01/1900;00/01/1900;00/01/1900;00/01/1900;00/01/1900;00/01/1900;00/01/1900;00/01/1900
1638;VRAI;23/08/2018;00/01/1900;00/01/1900;00/01/1900;;00/01/1900;00/01/1900;00/01/1900;00/01/1900;00/01/1900;00/01/1900;00/01/1900;00/01/1900;00/01/1900;00/01/1900;00/01/1900;00/01/1900;00/01/1900;00/01/1900;00/01/1900;00/01/1900;00/01/1900;00/01/1900;00/01/1900;00/01/1900
1639;VRAI;23/08/2018;00/01/1900;00/01/1900;00/01/1900;;00/01/1900;00/01/1900;00/01/1900;00/01/1900;00/01/1900;00/01/1900;00/01/1900;00/01/1900;00/01/1900;00/01/1900;00/01/1900;00/01/1900;00/01/1900;00/01/1900;00/01/1900;00/01/1900;00/01/1900;00/01/1900;00/01/1900;00/01/1900
1640;VRAI;23/08/2018;00/01/1900;00/01/1900;00/01/1900;;00/01/1900;00/01/1900;00/01/1900;00/01/1900;00/01/1900;00/01/1900;00/01/1900;00/01/1900;00/01/1900;00/01/1900;00/01/1900;00/01/1900;00/01/1900;00/01/1900;00/01/1900;00/01/1900;00/01/1900;00/01/1900;00/01/1900;00/01/1900
1641;VRAI;23/08/2018;00/01/1900;00/01/1900;00/01/1900;;00/01/1900;00/01/1900;00/01/1900;00/01/1900;00/01/1900;00/01/1900;00/01/1900;00/01/1900;00/01/1900;00/01/1900;00/01/1900;00/01/1900;00/01/1900;00/01/1900;00/01/1900;00/01/1900;00/01/1900;00/01/1900;00/01/1900;00/01/1900
1642;VRAI;23/08/2018;00/01/1900;00/01/1900;00/01/1900;;00/01/1900;00/01/1900;00/01/1900;00/01/1900;00/01/1900;00/01/1900;00/01/1900;00/01/1900;00/01/1900;00/01/1900;00/01/1900;00/01/1900;00/01/1900;00/01/1900;00/01/1900;00/01/1900;00/01/1900;00/01/1900;00/01/1900;00/01/1900
1643;VRAI;23/08/2018;00/01/1900;00/01/1900;00/01/1900;;00/01/1900;00/01/1900;00/01/1900;00/01/1900;00/01/1900;00/01/1900;00/01/1900;00/01/1900;00/01/1900;00/01/1900;00/01/1900;00/01/1900;00/01/1900;00/01/1900;00/01/1900;00/01/1900;00/01/1900;00/01/1900;00/01/1900;00/01/1900
1644;VRAI;23/08/2018;00/01/1900;00/01/1900;00/01/1900;;00/01/1900;00/01/1900;00/01/1900;00/01/1900;00/01/1900;00/01/1900;00/01/1900;00/01/1900;00/01/1900;00/01/1900;00/01/1900;00/01/1900;00/01/1900;00/01/1900;00/01/1900;00/01/1900;00/01/1900;00/01/1900;00/01/1900;00/01/1900
1645;VRAI;23/08/2018;00/01/1900;00/01/1900;00/01/1900;;00/01/1900;00/01/1900;00/01/1900;00/01/1900;00/01/1900;00/01/1900;00/01/1900;00/01/1900;00/01/1900;00/01/1900;00/01/1900;00/01/1900;00/01/1900;00/01/1900;00/01/1900;00/01/1900;00/01/1900;00/01/1900;00/01/1900;00/01/1900
1646;VRAI;23/08/2018;00/01/1900;00/01/1900;00/01/1900;;00/01/1900;00/01/1900;00/01/1900;00/01/1900;00/01/1900;00/01/1900;00/01/1900;00/01/1900;00/01/1900;00/01/1900;00/01/1900;00/01/1900;00/01/1900;00/01/1900;00/01/1900;00/01/1900;00/01/1900;00/01/1900;00/01/1900;00/01/1900
1647;VRAI;23/08/2018;00/01/1900;00/01/1900;00/01/1900;;00/01/1900;00/01/1900;00/01/1900;00/01/1900;00/01/1900;00/01/1900;00/01/1900;00/01/1900;00/01/1900;00/01/1900;00/01/1900;00/01/1900;00/01/1900;00/01/1900;00/01/1900;00/01/1900;00/01/1900;00/01/1900;00/01/1900;00/01/1900
1648;VRAI;23/08/2018;00/01/1900;00/01/1900;00/01/1900;;00/01/1900;00/01/1900;00/01/1900;00/01/1900;00/01/1900;00/01/1900;00/01/1900;00/01/1900;00/01/1900;00/01/1900;00/01/1900;00/01/1900;00/01/1900;00/01/1900;00/01/1900;00/01/1900;00/01/1900;00/01/1900;00/01/1900;00/01/1900
1649;VRAI;23/08/2018;00/01/1900;00/01/1900;00/01/1900;;00/01/1900;00/01/1900;00/01/1900;00/01/1900;00/01/1900;00/01/1900;00/01/1900;00/01/1900;00/01/1900;00/01/1900;00/01/1900;00/01/1900;00/01/1900;00/01/1900;00/01/1900;00/01/1900;00/01/1900;00/01/1900;00/01/1900;00/01/1900
1650;VRAI;23/08/2018;00/01/1900;00/01/1900;00/01/1900;;00/01/1900;00/01/1900;00/01/1900;00/01/1900;00/01/1900;00/01/1900;00/01/1900;00/01/1900;00/01/1900;00/01/1900;00/01/1900;00/01/1900;00/01/1900;00/01/1900;00/01/1900;00/01/1900;00/01/1900;00/01/1900;00/01/1900;00/01/1900
1651;FAUX;23/08/2018;00/01/1900;00/01/1900;00/01/1900;;00/01/1900;00/01/1900;00/01/1900;00/01/1900;00/01/1900;00/01/1900;00/01/1900;00/01/1900;00/01/1900;00/01/1900;00/01/1900;00/01/1900;00/01/1900;00/01/1900;00/01/1900;00/01/1900;00/01/1900;00/01/1900;00/01/1900;00/01/1900
1652;VRAI;23/08/2018;00/01/1900;00/01/1900;00/01/1900;;00/01/1900;00/01/1900;00/01/1900;00/01/1900;00/01/1900;00/01/1900;00/01/1900;00/01/1900;00/01/1900;00/01/1900;00/01/1900;00/01/1900;00/01/1900;00/01/1900;00/01/1900;00/01/1900;00/01/1900;00/01/1900;00/01/1900;00/01/1900
1653;VRAI;23/08/2018;00/01/1900;00/01/1900;00/01/1900;;00/01/1900;00/01/1900;00/01/1900;00/01/1900;00/01/1900;00/01/1900;00/01/1900;00/01/1900;00/01/1900;00/01/1900;00/01/1900;00/01/1900;00/01/1900;00/01/1900;00/01/1900;00/01/1900;00/01/1900;00/01/1900;00/01/1900;00/01/1900
1654;VRAI;23/08/2018;00/01/1900;00/01/1900;00/01/1900;;00/01/1900;00/01/1900;00/01/1900;00/01/1900;00/01/1900;00/01/1900;00/01/1900;00/01/1900;00/01/1900;00/01/1900;00/01/1900;00/01/1900;00/01/1900;00/01/1900;00/01/1900;00/01/1900;00/01/1900;00/01/1900;00/01/1900;00/01/1900
1655;VRAI;23/08/2018;00/01/1900;00/01/1900;00/01/1900;;00/01/1900;00/01/1900;00/01/1900;00/01/1900;00/01/1900;00/01/1900;00/01/1900;00/01/1900;00/01/1900;00/01/1900;00/01/1900;00/01/1900;00/01/1900;00/01/1900;00/01/1900;00/01/1900;00/01/1900;00/01/1900;00/01/1900;00/01/1900
1656;VRAI;23/08/2018;00/01/1900;00/01/1900;00/01/1900;;00/01/1900;00/01/1900;00/01/1900;00/01/1900;00/01/1900;00/01/1900;00/01/1900;00/01/1900;00/01/1900;00/01/1900;00/01/1900;00/01/1900;00/01/1900;00/01/1900;00/01/1900;00/01/1900;00/01/1900;00/01/1900;00/01/1900;00/01/1900
1657;FAUX;23/08/2018;00/01/1900;00/01/1900;00/01/1900;;00/01/1900;00/01/1900;00/01/1900;00/01/1900;00/01/1900;00/01/1900;00/01/1900;00/01/1900;00/01/1900;00/01/1900;00/01/1900;00/01/1900;00/01/1900;00/01/1900;00/01/1900;00/01/1900;00/01/1900;00/01/1900;00/01/1900;00/01/1900
1658;FAUX;24/08/2018;00/01/1900;00/01/1900;00/01/1900;;00/01/1900;00/01/1900;00/01/1900;00/01/1900;00/01/1900;00/01/1900;00/01/1900;00/01/1900;00/01/1900;00/01/1900;00/01/1900;00/01/1900;00/01/1900;00/01/1900;00/01/1900;00/01/1900;00/01/1900;00/01/1900;00/01/1900;00/01/1900
1659;VRAI;24/08/2018;00/01/1900;00/01/1900;00/01/1900;;00/01/1900;00/01/1900;00/01/1900;00/01/1900;00/01/1900;00/01/1900;00/01/1900;00/01/1900;00/01/1900;00/01/1900;00/01/1900;00/01/1900;00/01/1900;00/01/1900;00/01/1900;00/01/1900;00/01/1900;00/01/1900;00/01/1900;00/01/1900
1660;VRAI;24/08/2018;00/01/1900;00/01/1900;00/01/1900;;00/01/1900;00/01/1900;00/01/1900;00/01/1900;00/01/1900;00/01/1900;00/01/1900;00/01/1900;00/01/1900;00/01/1900;00/01/1900;00/01/1900;00/01/1900;00/01/1900;00/01/1900;00/01/1900;00/01/1900;00/01/1900;00/01/1900;00/01/1900
1661;VRAI;24/08/2018;00/01/1900;00/01/1900;00/01/1900;;00/01/1900;00/01/1900;00/01/1900;00/01/1900;00/01/1900;00/01/1900;00/01/1900;00/01/1900;00/01/1900;00/01/1900;00/01/1900;00/01/1900;00/01/1900;00/01/1900;00/01/1900;00/01/1900;00/01/1900;00/01/1900;00/01/1900;00/01/1900
1662;VRAI;24/08/2018;00/01/1900;00/01/1900;00/01/1900;;00/01/1900;00/01/1900;00/01/1900;00/01/1900;00/01/1900;00/01/1900;00/01/1900;00/01/1900;00/01/1900;00/01/1900;00/01/1900;00/01/1900;00/01/1900;00/01/1900;00/01/1900;00/01/1900;00/01/1900;00/01/1900;00/01/1900;00/01/1900
1663;VRAI;24/08/2018;00/01/1900;00/01/1900;00/01/1900;;00/01/1900;00/01/1900;00/01/1900;00/01/1900;00/01/1900;00/01/1900;00/01/1900;00/01/1900;00/01/1900;00/01/1900;00/01/1900;00/01/1900;00/01/1900;00/01/1900;00/01/1900;00/01/1900;00/01/1900;00/01/1900;00/01/1900;00/01/1900
1664;VRAI;24/08/2018;00/01/1900;00/01/1900;00/01/1900;;00/01/1900;00/01/1900;00/01/1900;00/01/1900;00/01/1900;00/01/1900;00/01/1900;00/01/1900;00/01/1900;00/01/1900;00/01/1900;00/01/1900;00/01/1900;00/01/1900;00/01/1900;00/01/1900;00/01/1900;00/01/1900;00/01/1900;00/01/1900
1665;VRAI;24/08/2018;00/01/1900;00/01/1900;00/01/1900;;00/01/1900;00/01/1900;00/01/1900;00/01/1900;00/01/1900;00/01/1900;00/01/1900;00/01/1900;00/01/1900;00/01/1900;00/01/1900;00/01/1900;00/01/1900;00/01/1900;00/01/1900;00/01/1900;00/01/1900;00/01/1900;00/01/1900;00/01/1900
1666;VRAI;24/08/2018;00/01/1900;00/01/1900;00/01/1900;;00/01/1900;00/01/1900;00/01/1900;00/01/1900;00/01/1900;00/01/1900;00/01/1900;00/01/1900;00/01/1900;00/01/1900;00/01/1900;00/01/1900;00/01/1900;00/01/1900;00/01/1900;00/01/1900;00/01/1900;00/01/1900;00/01/1900;00/01/1900
1667;VRAI;24/08/2018;00/01/1900;00/01/1900;00/01/1900;;00/01/1900;00/01/1900;00/01/1900;00/01/1900;00/01/1900;00/01/1900;00/01/1900;00/01/1900;00/01/1900;00/01/1900;00/01/1900;00/01/1900;00/01/1900;00/01/1900;00/01/1900;00/01/1900;00/01/1900;00/01/1900;00/01/1900;00/01/1900
1668;VRAI;24/08/2018;00/01/1900;00/01/1900;00/01/1900;;00/01/1900;00/01/1900;00/01/1900;00/01/1900;00/01/1900;00/01/1900;00/01/1900;00/01/1900;00/01/1900;00/01/1900;00/01/1900;00/01/1900;00/01/1900;00/01/1900;00/01/1900;00/01/1900;00/01/1900;00/01/1900;00/01/1900;00/01/1900
1669;VRAI;24/08/2018;00/01/1900;00/01/1900;00/01/1900;;00/01/1900;00/01/1900;00/01/1900;00/01/1900;00/01/1900;00/01/1900;00/01/1900;00/01/1900;00/01/1900;00/01/1900;00/01/1900;00/01/1900;00/01/1900;00/01/1900;00/01/1900;00/01/1900;00/01/1900;00/01/1900;00/01/1900;00/01/1900
1670;VRAI;24/08/2018;00/01/1900;00/01/1900;00/01/1900;;00/01/1900;00/01/1900;00/01/1900;00/01/1900;00/01/1900;00/01/1900;00/01/1900;00/01/1900;00/01/1900;00/01/1900;00/01/1900;00/01/1900;00/01/1900;00/01/1900;00/01/1900;00/01/1900;00/01/1900;00/01/1900;00/01/1900;00/01/1900
1671;VRAI;24/08/2018;00/01/1900;00/01/1900;00/01/1900;;00/01/1900;00/01/1900;00/01/1900;00/01/1900;00/01/1900;00/01/1900;00/01/1900;00/01/1900;00/01/1900;00/01/1900;00/01/1900;00/01/1900;00/01/1900;00/01/1900;00/01/1900;00/01/1900;00/01/1900;00/01/1900;00/01/1900;00/01/1900
1672;VRAI;24/08/2018;00/01/1900;00/01/1900;00/01/1900;;00/01/1900;00/01/1900;00/01/1900;00/01/1900;00/01/1900;00/01/1900;00/01/1900;00/01/1900;00/01/1900;00/01/1900;00/01/1900;00/01/1900;00/01/1900;00/01/1900;00/01/1900;00/01/1900;00/01/1900;00/01/1900;00/01/1900;00/01/1900
1673;VRAI;24/08/2018;00/01/1900;00/01/1900;00/01/1900;;00/01/1900;00/01/1900;00/01/1900;00/01/1900;00/01/1900;00/01/1900;00/01/1900;00/01/1900;00/01/1900;00/01/1900;00/01/1900;00/01/1900;00/01/1900;00/01/1900;00/01/1900;00/01/1900;00/01/1900;00/01/1900;00/01/1900;00/01/1900
1674;VRAI;24/08/2018;00/01/1900;00/01/1900;00/01/1900;;00/01/1900;00/01/1900;00/01/1900;00/01/1900;00/01/1900;00/01/1900;00/01/1900;00/01/1900;00/01/1900;00/01/1900;00/01/1900;00/01/1900;00/01/1900;00/01/1900;00/01/1900;00/01/1900;00/01/1900;00/01/1900;00/01/1900;00/01/1900
1675;VRAI;24/08/2018;00/01/1900;00/01/1900;00/01/1900;;00/01/1900;00/01/1900;00/01/1900;00/01/1900;00/01/1900;00/01/1900;00/01/1900;00/01/1900;00/01/1900;00/01/1900;00/01/1900;00/01/1900;00/01/1900;00/01/1900;00/01/1900;00/01/1900;00/01/1900;00/01/1900;00/01/1900;00/01/1900
1676;VRAI;24/08/2018;00/01/1900;00/01/1900;00/01/1900;;00/01/1900;00/01/1900;00/01/1900;00/01/1900;00/01/1900;00/01/1900;00/01/1900;00/01/1900;00/01/1900;00/01/1900;00/01/1900;00/01/1900;00/01/1900;00/01/1900;00/01/1900;00/01/1900;00/01/1900;00/01/1900;00/01/1900;00/01/1900
1677;VRAI;24/08/2018;00/01/1900;00/01/1900;00/01/1900;;00/01/1900;00/01/1900;00/01/1900;00/01/1900;00/01/1900;00/01/1900;00/01/1900;00/01/1900;00/01/1900;00/01/1900;00/01/1900;00/01/1900;00/01/1900;00/01/1900;00/01/1900;00/01/1900;00/01/1900;00/01/1900;00/01/1900;00/01/1900
1678;VRAI;24/08/2018;00/01/1900;00/01/1900;00/01/1900;;00/01/1900;00/01/1900;00/01/1900;00/01/1900;00/01/1900;00/01/1900;00/01/1900;00/01/1900;00/01/1900;00/01/1900;00/01/1900;00/01/1900;00/01/1900;00/01/1900;00/01/1900;00/01/1900;00/01/1900;00/01/1900;00/01/1900;00/01/1900
1679;VRAI;24/08/2018;00/01/1900;00/01/1900;00/01/1900;;00/01/1900;00/01/1900;00/01/1900;00/01/1900;00/01/1900;00/01/1900;00/01/1900;00/01/1900;00/01/1900;00/01/1900;00/01/1900;00/01/1900;00/01/1900;00/01/1900;00/01/1900;00/01/1900;00/01/1900;00/01/1900;00/01/1900;00/01/1900
1680;VRAI;24/08/2018;00/01/1900;00/01/1900;00/01/1900;;00/01/1900;00/01/1900;00/01/1900;00/01/1900;00/01/1900;00/01/1900;00/01/1900;00/01/1900;00/01/1900;00/01/1900;00/01/1900;00/01/1900;00/01/1900;00/01/1900;00/01/1900;00/01/1900;00/01/1900;00/01/1900;00/01/1900;00/01/1900
1681;FAUX;25/08/2018;00/01/1900;00/01/1900;00/01/1900;;00/01/1900;00/01/1900;00/01/1900;00/01/1900;00/01/1900;00/01/1900;00/01/1900;00/01/1900;00/01/1900;00/01/1900;00/01/1900;00/01/1900;00/01/1900;00/01/1900;00/01/1900;00/01/1900;00/01/1900;00/01/1900;00/01/1900;00/01/1900
1682;FAUX;29/08/2018;00/01/1900;00/01/1900;00/01/1900;;00/01/1900;00/01/1900;00/01/1900;00/01/1900;00/01/1900;00/01/1900;00/01/1900;00/01/1900;00/01/1900;00/01/1900;00/01/1900;00/01/1900;00/01/1900;00/01/1900;00/01/1900;00/01/1900;00/01/1900;00/01/1900;00/01/1900;00/01/1900
1683;VRAI;29/08/2018;00/01/1900;00/01/1900;00/01/1900;;00/01/1900;00/01/1900;00/01/1900;00/01/1900;00/01/1900;00/01/1900;00/01/1900;00/01/1900;00/01/1900;00/01/1900;00/01/1900;00/01/1900;00/01/1900;00/01/1900;00/01/1900;00/01/1900;00/01/1900;00/01/1900;00/01/1900;00/01/1900
1684;VRAI;29/08/2018;00/01/1900;00/01/1900;00/01/1900;;00/01/1900;00/01/1900;00/01/1900;00/01/1900;00/01/1900;00/01/1900;00/01/1900;00/01/1900;00/01/1900;00/01/1900;00/01/1900;00/01/1900;00/01/1900;00/01/1900;00/01/1900;00/01/1900;00/01/1900;00/01/1900;00/01/1900;00/01/1900
1685;VRAI;29/08/2018;00/01/1900;00/01/1900;00/01/1900;;00/01/1900;00/01/1900;00/01/1900;00/01/1900;00/01/1900;00/01/1900;00/01/1900;00/01/1900;00/01/1900;00/01/1900;00/01/1900;00/01/1900;00/01/1900;00/01/1900;00/01/1900;00/01/1900;00/01/1900;00/01/1900;00/01/1900;00/01/1900
1686;VRAI;29/08/2018;00/01/1900;00/01/1900;00/01/1900;;00/01/1900;00/01/1900;00/01/1900;00/01/1900;00/01/1900;00/01/1900;00/01/1900;00/01/1900;00/01/1900;00/01/1900;00/01/1900;00/01/1900;00/01/1900;00/01/1900;00/01/1900;00/01/1900;00/01/1900;00/01/1900;00/01/1900;00/01/1900
1687;VRAI;29/08/2018;00/01/1900;00/01/1900;00/01/1900;;00/01/1900;00/01/1900;00/01/1900;00/01/1900;00/01/1900;00/01/1900;00/01/1900;00/01/1900;00/01/1900;00/01/1900;00/01/1900;00/01/1900;00/01/1900;00/01/1900;00/01/1900;00/01/1900;00/01/1900;00/01/1900;00/01/1900;00/01/1900
1688;VRAI;29/08/2018;00/01/1900;00/01/1900;00/01/1900;;00/01/1900;00/01/1900;00/01/1900;00/01/1900;00/01/1900;00/01/1900;00/01/1900;00/01/1900;00/01/1900;00/01/1900;00/01/1900;00/01/1900;00/01/1900;00/01/1900;00/01/1900;00/01/1900;00/01/1900;00/01/1900;00/01/1900;00/01/1900
1689;VRAI;29/08/2018;00/01/1900;00/01/1900;00/01/1900;;00/01/1900;00/01/1900;00/01/1900;00/01/1900;00/01/1900;00/01/1900;00/01/1900;00/01/1900;00/01/1900;00/01/1900;00/01/1900;00/01/1900;00/01/1900;00/01/1900;00/01/1900;00/01/1900;00/01/1900;00/01/1900;00/01/1900;00/01/1900
1690;VRAI;29/08/2018;00/01/1900;00/01/1900;00/01/1900;;00/01/1900;00/01/1900;00/01/1900;00/01/1900;00/01/1900;00/01/1900;00/01/1900;00/01/1900;00/01/1900;00/01/1900;00/01/1900;00/01/1900;00/01/1900;00/01/1900;00/01/1900;00/01/1900;00/01/1900;00/01/1900;00/01/1900;00/01/1900
1691;FAUX;29/08/2018;00/01/1900;00/01/1900;00/01/1900;;00/01/1900;00/01/1900;00/01/1900;00/01/1900;00/01/1900;00/01/1900;00/01/1900;00/01/1900;00/01/1900;00/01/1900;00/01/1900;00/01/1900;00/01/1900;00/01/1900;00/01/1900;00/01/1900;00/01/1900;00/01/1900;00/01/1900;00/01/1900
1692;VRAI;29/08/2018;00/01/1900;00/01/1900;00/01/1900;;00/01/1900;00/01/1900;00/01/1900;00/01/1900;00/01/1900;00/01/1900;00/01/1900;00/01/1900;00/01/1900;00/01/1900;00/01/1900;00/01/1900;00/01/1900;00/01/1900;00/01/1900;00/01/1900;00/01/1900;00/01/1900;00/01/1900;00/01/1900
1693;VRAI;29/08/2018;00/01/1900;00/01/1900;00/01/1900;;00/01/1900;00/01/1900;00/01/1900;00/01/1900;00/01/1900;00/01/1900;00/01/1900;00/01/1900;00/01/1900;00/01/1900;00/01/1900;00/01/1900;00/01/1900;00/01/1900;00/01/1900;00/01/1900;00/01/1900;00/01/1900;00/01/1900;00/01/1900
1694;VRAI;29/08/2018;00/01/1900;00/01/1900;00/01/1900;;00/01/1900;00/01/1900;00/01/1900;00/01/1900;00/01/1900;00/01/1900;00/01/1900;00/01/1900;00/01/1900;00/01/1900;00/01/1900;00/01/1900;00/01/1900;00/01/1900;00/01/1900;00/01/1900;00/01/1900;00/01/1900;00/01/1900;00/01/1900
1695;VRAI;29/08/2018;00/01/1900;00/01/1900;00/01/1900;;00/01/1900;00/01/1900;00/01/1900;00/01/1900;00/01/1900;00/01/1900;00/01/1900;00/01/1900;00/01/1900;00/01/1900;00/01/1900;00/01/1900;00/01/1900;00/01/1900;00/01/1900;00/01/1900;00/01/1900;00/01/1900;00/01/1900;00/01/1900
1696;VRAI;29/08/2018;00/01/1900;00/01/1900;00/01/1900;;00/01/1900;00/01/1900;00/01/1900;00/01/1900;00/01/1900;00/01/1900;00/01/1900;00/01/1900;00/01/1900;00/01/1900;00/01/1900;00/01/1900;00/01/1900;00/01/1900;00/01/1900;00/01/1900;00/01/1900;00/01/1900;00/01/1900;00/01/1900
1697;VRAI;30/08/2018;00/01/1900;00/01/1900;00/01/1900;;00/01/1900;00/01/1900;00/01/1900;00/01/1900;00/01/1900;00/01/1900;00/01/1900;00/01/1900;00/01/1900;00/01/1900;00/01/1900;00/01/1900;00/01/1900;00/01/1900;00/01/1900;00/01/1900;00/01/1900;00/01/1900;00/01/1900;00/01/1900
1698;VRAI;30/08/2018;00/01/1900;00/01/1900;00/01/1900;;00/01/1900;00/01/1900;00/01/1900;00/01/1900;00/01/1900;00/01/1900;00/01/1900;00/01/1900;00/01/1900;00/01/1900;00/01/1900;00/01/1900;00/01/1900;00/01/1900;00/01/1900;00/01/1900;00/01/1900;00/01/1900;00/01/1900;00/01/1900
1699;VRAI;30/08/2018;00/01/1900;00/01/1900;00/01/1900;;00/01/1900;00/01/1900;00/01/1900;00/01/1900;00/01/1900;00/01/1900;00/01/1900;00/01/1900;00/01/1900;00/01/1900;00/01/1900;00/01/1900;00/01/1900;00/01/1900;00/01/1900;00/01/1900;00/01/1900;00/01/1900;00/01/1900;00/01/1900
1700;VRAI;30/08/2018;00/01/1900;00/01/1900;00/01/1900;;00/01/1900;00/01/1900;00/01/1900;00/01/1900;00/01/1900;00/01/1900;00/01/1900;00/01/1900;00/01/1900;00/01/1900;00/01/1900;00/01/1900;00/01/1900;00/01/1900;00/01/1900;00/01/1900;00/01/1900;00/01/1900;00/01/1900;00/01/1900
1701;VRAI;30/08/2018;00/01/1900;00/01/1900;00/01/1900;;00/01/1900;00/01/1900;00/01/1900;00/01/1900;00/01/1900;00/01/1900;00/01/1900;00/01/1900;00/01/1900;00/01/1900;00/01/1900;00/01/1900;00/01/1900;00/01/1900;00/01/1900;00/01/1900;00/01/1900;00/01/1900;00/01/1900;00/01/1900
1702;VRAI;30/08/2018;00/01/1900;00/01/1900;00/01/1900;;00/01/1900;00/01/1900;00/01/1900;00/01/1900;00/01/1900;00/01/1900;00/01/1900;00/01/1900;00/01/1900;00/01/1900;00/01/1900;00/01/1900;00/01/1900;00/01/1900;00/01/1900;00/01/1900;00/01/1900;00/01/1900;00/01/1900;00/01/1900
1703;VRAI;30/08/2018;00/01/1900;00/01/1900;00/01/1900;;00/01/1900;00/01/1900;00/01/1900;00/01/1900;00/01/1900;00/01/1900;00/01/1900;00/01/1900;00/01/1900;00/01/1900;00/01/1900;00/01/1900;00/01/1900;00/01/1900;00/01/1900;00/01/1900;00/01/1900;00/01/1900;00/01/1900;00/01/1900
1704;VRAI;30/08/2018;00/01/1900;00/01/1900;00/01/1900;;00/01/1900;00/01/1900;00/01/1900;00/01/1900;00/01/1900;00/01/1900;00/01/1900;00/01/1900;00/01/1900;00/01/1900;00/01/1900;00/01/1900;00/01/1900;00/01/1900;00/01/1900;00/01/1900;00/01/1900;00/01/1900;00/01/1900;00/01/1900
1705;VRAI;30/08/2018;00/01/1900;00/01/1900;00/01/1900;;00/01/1900;00/01/1900;00/01/1900;00/01/1900;00/01/1900;00/01/1900;00/01/1900;00/01/1900;00/01/1900;00/01/1900;00/01/1900;00/01/1900;00/01/1900;00/01/1900;00/01/1900;00/01/1900;00/01/1900;00/01/1900;00/01/1900;00/01/1900
1706;VRAI;30/08/2018;00/01/1900;00/01/1900;00/01/1900;;00/01/1900;00/01/1900;00/01/1900;00/01/1900;00/01/1900;00/01/1900;00/01/1900;00/01/1900;00/01/1900;00/01/1900;00/01/1900;00/01/1900;00/01/1900;00/01/1900;00/01/1900;00/01/1900;00/01/1900;00/01/1900;00/01/1900;00/01/1900
1707;VRAI;30/08/2018;00/01/1900;00/01/1900;00/01/1900;;00/01/1900;00/01/1900;00/01/1900;00/01/1900;00/01/1900;00/01/1900;00/01/1900;00/01/1900;00/01/1900;00/01/1900;00/01/1900;00/01/1900;00/01/1900;00/01/1900;00/01/1900;00/01/1900;00/01/1900;00/01/1900;00/01/1900;00/01/1900
1708;VRAI;30/08/2018;00/01/1900;00/01/1900;00/01/1900;;00/01/1900;00/01/1900;00/01/1900;00/01/1900;00/01/1900;00/01/1900;00/01/1900;00/01/1900;00/01/1900;00/01/1900;00/01/1900;00/01/1900;00/01/1900;00/01/1900;00/01/1900;00/01/1900;00/01/1900;00/01/1900;00/01/1900;00/01/1900
1709;VRAI;30/08/2018;00/01/1900;00/01/1900;00/01/1900;;00/01/1900;00/01/1900;00/01/1900;00/01/1900;00/01/1900;00/01/1900;00/01/1900;00/01/1900;00/01/1900;00/01/1900;00/01/1900;00/01/1900;00/01/1900;00/01/1900;00/01/1900;00/01/1900;00/01/1900;00/01/1900;00/01/1900;00/01/1900
1710;VRAI;30/08/2018;00/01/1900;00/01/1900;00/01/1900;;00/01/1900;00/01/1900;00/01/1900;00/01/1900;00/01/1900;00/01/1900;00/01/1900;00/01/1900;00/01/1900;00/01/1900;00/01/1900;00/01/1900;00/01/1900;00/01/1900;00/01/1900;00/01/1900;00/01/1900;00/01/1900;00/01/1900;00/01/1900
1711;VRAI;30/08/2018;00/01/1900;00/01/1900;00/01/1900;;00/01/1900;00/01/1900;00/01/1900;00/01/1900;00/01/1900;00/01/1900;00/01/1900;00/01/1900;00/01/1900;00/01/1900;00/01/1900;00/01/1900;00/01/1900;00/01/1900;00/01/1900;00/01/1900;00/01/1900;00/01/1900;00/01/1900;00/01/1900
1712;VRAI;30/08/2018;00/01/1900;00/01/1900;00/01/1900;;00/01/1900;00/01/1900;00/01/1900;00/01/1900;00/01/1900;00/01/1900;00/01/1900;00/01/1900;00/01/1900;00/01/1900;00/01/1900;00/01/1900;00/01/1900;00/01/1900;00/01/1900;00/01/1900;00/01/1900;00/01/1900;00/01/1900;00/01/1900
1713;VRAI;30/08/2018;00/01/1900;00/01/1900;00/01/1900;;00/01/1900;00/01/1900;00/01/1900;00/01/1900;00/01/1900;00/01/1900;00/01/1900;00/01/1900;00/01/1900;00/01/1900;00/01/1900;00/01/1900;00/01/1900;00/01/1900;00/01/1900;00/01/1900;00/01/1900;00/01/1900;00/01/1900;00/01/1900
1714;VRAI;30/08/2018;00/01/1900;00/01/1900;00/01/1900;;00/01/1900;00/01/1900;00/01/1900;00/01/1900;00/01/1900;00/01/1900;00/01/1900;00/01/1900;00/01/1900;00/01/1900;00/01/1900;00/01/1900;00/01/1900;00/01/1900;00/01/1900;00/01/1900;00/01/1900;00/01/1900;00/01/1900;00/01/1900
1715;VRAI;30/08/2018;00/01/1900;00/01/1900;00/01/1900;;00/01/1900;00/01/1900;00/01/1900;00/01/1900;00/01/1900;00/01/1900;00/01/1900;00/01/1900;00/01/1900;00/01/1900;00/01/1900;00/01/1900;00/01/1900;00/01/1900;00/01/1900;00/01/1900;00/01/1900;00/01/1900;00/01/1900;00/01/1900
1716;VRAI;30/08/2018;00/01/1900;00/01/1900;00/01/1900;;00/01/1900;00/01/1900;00/01/1900;00/01/1900;00/01/1900;00/01/1900;00/01/1900;00/01/1900;00/01/1900;00/01/1900;00/01/1900;00/01/1900;00/01/1900;00/01/1900;00/01/1900;00/01/1900;00/01/1900;00/01/1900;00/01/1900;00/01/1900
1717;VRAI;30/08/2018;00/01/1900;00/01/1900;00/01/1900;;00/01/1900;00/01/1900;00/01/1900;00/01/1900;00/01/1900;00/01/1900;00/01/1900;00/01/1900;00/01/1900;00/01/1900;00/01/1900;00/01/1900;00/01/1900;00/01/1900;00/01/1900;00/01/1900;00/01/1900;00/01/1900;00/01/1900;00/01/1900
1718;VRAI;30/08/2018;00/01/1900;00/01/1900;00/01/1900;;00/01/1900;00/01/1900;00/01/1900;00/01/1900;00/01/1900;00/01/1900;00/01/1900;00/01/1900;00/01/1900;00/01/1900;00/01/1900;00/01/1900;00/01/1900;00/01/1900;00/01/1900;00/01/1900;00/01/1900;00/01/1900;00/01/1900;00/01/1900
1719;VRAI;30/08/2018;00/01/1900;00/01/1900;00/01/1900;;00/01/1900;00/01/1900;00/01/1900;00/01/1900;00/01/1900;00/01/1900;00/01/1900;00/01/1900;00/01/1900;00/01/1900;00/01/1900;00/01/1900;00/01/1900;00/01/1900;00/01/1900;00/01/1900;00/01/1900;00/01/1900;00/01/1900;00/01/1900
1720;VRAI;30/08/2018;00/01/1900;00/01/1900;00/01/1900;;00/01/1900;00/01/1900;00/01/1900;00/01/1900;00/01/1900;00/01/1900;00/01/1900;00/01/1900;00/01/1900;00/01/1900;00/01/1900;00/01/1900;00/01/1900;00/01/1900;00/01/1900;00/01/1900;00/01/1900;00/01/1900;00/01/1900;00/01/1900
1721;VRAI;30/08/2018;00/01/1900;00/01/1900;00/01/1900;;00/01/1900;00/01/1900;00/01/1900;00/01/1900;00/01/1900;00/01/1900;00/01/1900;00/01/1900;00/01/1900;00/01/1900;00/01/1900;00/01/1900;00/01/1900;00/01/1900;00/01/1900;00/01/1900;00/01/1900;00/01/1900;00/01/1900;00/01/1900
1722;VRAI;30/08/2018;00/01/1900;00/01/1900;00/01/1900;;00/01/1900;00/01/1900;00/01/1900;00/01/1900;00/01/1900;00/01/1900;00/01/1900;00/01/1900;00/01/1900;00/01/1900;00/01/1900;00/01/1900;00/01/1900;00/01/1900;00/01/1900;00/01/1900;00/01/1900;00/01/1900;00/01/1900;00/01/1900
1723;VRAI;30/08/2018;00/01/1900;00/01/1900;00/01/1900;;00/01/1900;00/01/1900;00/01/1900;00/01/1900;00/01/1900;00/01/1900;00/01/1900;00/01/1900;00/01/1900;00/01/1900;00/01/1900;00/01/1900;00/01/1900;00/01/1900;00/01/1900;00/01/1900;00/01/1900;00/01/1900;00/01/1900;00/01/1900
1724;VRAI;30/08/2018;00/01/1900;00/01/1900;00/01/1900;;00/01/1900;00/01/1900;00/01/1900;00/01/1900;00/01/1900;00/01/1900;00/01/1900;00/01/1900;00/01/1900;00/01/1900;00/01/1900;00/01/1900;00/01/1900;00/01/1900;00/01/1900;00/01/1900;00/01/1900;00/01/1900;00/01/1900;00/01/1900
1725;VRAI;30/08/2018;00/01/1900;00/01/1900;00/01/1900;;00/01/1900;00/01/1900;00/01/1900;00/01/1900;00/01/1900;00/01/1900;00/01/1900;00/01/1900;00/01/1900;00/01/1900;00/01/1900;00/01/1900;00/01/1900;00/01/1900;00/01/1900;00/01/1900;00/01/1900;00/01/1900;00/01/1900;00/01/1900
1726;VRAI;31/08/2018;00/01/1900;00/01/1900;00/01/1900;;00/01/1900;00/01/1900;00/01/1900;00/01/1900;00/01/1900;00/01/1900;00/01/1900;00/01/1900;00/01/1900;00/01/1900;00/01/1900;00/01/1900;00/01/1900;00/01/1900;00/01/1900;00/01/1900;00/01/1900;00/01/1900;00/01/1900;00/01/1900
1727;VRAI;31/08/2018;00/01/1900;00/01/1900;00/01/1900;;00/01/1900;00/01/1900;00/01/1900;00/01/1900;00/01/1900;00/01/1900;00/01/1900;00/01/1900;00/01/1900;00/01/1900;00/01/1900;00/01/1900;00/01/1900;00/01/1900;00/01/1900;00/01/1900;00/01/1900;00/01/1900;00/01/1900;00/01/1900
1728;VRAI;31/08/2018;00/01/1900;00/01/1900;00/01/1900;;00/01/1900;00/01/1900;00/01/1900;00/01/1900;00/01/1900;00/01/1900;00/01/1900;00/01/1900;00/01/1900;00/01/1900;00/01/1900;00/01/1900;00/01/1900;00/01/1900;00/01/1900;00/01/1900;00/01/1900;00/01/1900;00/01/1900;00/01/1900
1729;VRAI;31/08/2018;00/01/1900;00/01/1900;00/01/1900;;00/01/1900;00/01/1900;00/01/1900;00/01/1900;00/01/1900;00/01/1900;00/01/1900;00/01/1900;00/01/1900;00/01/1900;00/01/1900;00/01/1900;00/01/1900;00/01/1900;00/01/1900;00/01/1900;00/01/1900;00/01/1900;00/01/1900;00/01/1900
1730;VRAI;31/08/2018;00/01/1900;00/01/1900;00/01/1900;;00/01/1900;00/01/1900;00/01/1900;00/01/1900;00/01/1900;00/01/1900;00/01/1900;00/01/1900;00/01/1900;00/01/1900;00/01/1900;00/01/1900;00/01/1900;00/01/1900;00/01/1900;00/01/1900;00/01/1900;00/01/1900;00/01/1900;00/01/1900
1731;VRAI;31/08/2018;00/01/1900;00/01/1900;00/01/1900;;00/01/1900;00/01/1900;00/01/1900;00/01/1900;00/01/1900;00/01/1900;00/01/1900;00/01/1900;00/01/1900;00/01/1900;00/01/1900;00/01/1900;00/01/1900;00/01/1900;00/01/1900;00/01/1900;00/01/1900;00/01/1900;00/01/1900;00/01/1900
1732;VRAI;31/08/2018;00/01/1900;00/01/1900;00/01/1900;;00/01/1900;00/01/1900;00/01/1900;00/01/1900;00/01/1900;00/01/1900;00/01/1900;00/01/1900;00/01/1900;00/01/1900;00/01/1900;00/01/1900;00/01/1900;00/01/1900;00/01/1900;00/01/1900;00/01/1900;00/01/1900;00/01/1900;00/01/1900
1733;FAUX;31/08/2018;00/01/1900;00/01/1900;00/01/1900;;00/01/1900;00/01/1900;00/01/1900;00/01/1900;00/01/1900;00/01/1900;00/01/1900;00/01/1900;00/01/1900;00/01/1900;00/01/1900;00/01/1900;00/01/1900;00/01/1900;00/01/1900;00/01/1900;00/01/1900;00/01/1900;00/01/1900;00/01/1900
1734;VRAI;31/08/2018;00/01/1900;00/01/1900;00/01/1900;;00/01/1900;00/01/1900;00/01/1900;00/01/1900;00/01/1900;00/01/1900;00/01/1900;00/01/1900;00/01/1900;00/01/1900;00/01/1900;00/01/1900;00/01/1900;00/01/1900;00/01/1900;00/01/1900;00/01/1900;00/01/1900;00/01/1900;00/01/1900
1735;VRAI;31/08/2018;00/01/1900;00/01/1900;00/01/1900;;00/01/1900;00/01/1900;00/01/1900;00/01/1900;00/01/1900;00/01/1900;00/01/1900;00/01/1900;00/01/1900;00/01/1900;00/01/1900;00/01/1900;00/01/1900;00/01/1900;00/01/1900;00/01/1900;00/01/1900;00/01/1900;00/01/1900;00/01/1900
1736;VRAI;31/08/2018;00/01/1900;00/01/1900;00/01/1900;;00/01/1900;00/01/1900;00/01/1900;00/01/1900;00/01/1900;00/01/1900;00/01/1900;00/01/1900;00/01/1900;00/01/1900;00/01/1900;00/01/1900;00/01/1900;00/01/1900;00/01/1900;00/01/1900;00/01/1900;00/01/1900;00/01/1900;00/01/1900
1737;VRAI;31/08/2018;00/01/1900;00/01/1900;00/01/1900;;00/01/1900;00/01/1900;00/01/1900;00/01/1900;00/01/1900;00/01/1900;00/01/1900;00/01/1900;00/01/1900;00/01/1900;00/01/1900;00/01/1900;00/01/1900;00/01/1900;00/01/1900;00/01/1900;00/01/1900;00/01/1900;00/01/1900;00/01/1900
1738;VRAI;31/08/2018;00/01/1900;00/01/1900;00/01/1900;;00/01/1900;00/01/1900;00/01/1900;00/01/1900;00/01/1900;00/01/1900;00/01/1900;00/01/1900;00/01/1900;00/01/1900;00/01/1900;00/01/1900;00/01/1900;00/01/1900;00/01/1900;00/01/1900;00/01/1900;00/01/1900;00/01/1900;00/01/1900
1739;VRAI;31/08/2018;00/01/1900;00/01/1900;00/01/1900;;00/01/1900;00/01/1900;00/01/1900;00/01/1900;00/01/1900;00/01/1900;00/01/1900;00/01/1900;00/01/1900;00/01/1900;00/01/1900;00/01/1900;00/01/1900;00/01/1900;00/01/1900;00/01/1900;00/01/1900;00/01/1900;00/01/1900;00/01/1900
1740;VRAI;31/08/2018;00/01/1900;00/01/1900;00/01/1900;;00/01/1900;00/01/1900;00/01/1900;00/01/1900;00/01/1900;00/01/1900;00/01/1900;00/01/1900;00/01/1900;00/01/1900;00/01/1900;00/01/1900;00/01/1900;00/01/1900;00/01/1900;00/01/1900;00/01/1900;00/01/1900;00/01/1900;00/01/1900
1741;VRAI;31/08/2018;00/01/1900;00/01/1900;00/01/1900;;00/01/1900;00/01/1900;00/01/1900;00/01/1900;00/01/1900;00/01/1900;00/01/1900;00/01/1900;00/01/1900;00/01/1900;00/01/1900;00/01/1900;00/01/1900;00/01/1900;00/01/1900;00/01/1900;00/01/1900;00/01/1900;00/01/1900;00/01/1900
1742;VRAI;31/08/2018;00/01/1900;00/01/1900;00/01/1900;;00/01/1900;00/01/1900;00/01/1900;00/01/1900;00/01/1900;00/01/1900;00/01/1900;00/01/1900;00/01/1900;00/01/1900;00/01/1900;00/01/1900;00/01/1900;00/01/1900;00/01/1900;00/01/1900;00/01/1900;00/01/1900;00/01/1900;00/01/1900
1743;VRAI;31/08/2018;00/01/1900;00/01/1900;00/01/1900;;00/01/1900;00/01/1900;00/01/1900;00/01/1900;00/01/1900;00/01/1900;00/01/1900;00/01/1900;00/01/1900;00/01/1900;00/01/1900;00/01/1900;00/01/1900;00/01/1900;00/01/1900;00/01/1900;00/01/1900;00/01/1900;00/01/1900;00/01/1900
1744;FAUX;04/09/2018;00/01/1900;00/01/1900;00/01/1900;;00/01/1900;00/01/1900;00/01/1900;00/01/1900;00/01/1900;00/01/1900;00/01/1900;00/01/1900;00/01/1900;00/01/1900;00/01/1900;00/01/1900;00/01/1900;00/01/1900;00/01/1900;00/01/1900;00/01/1900;00/01/1900;00/01/1900;00/01/1900
1745;VRAI;04/09/2018;00/01/1900;00/01/1900;00/01/1900;;00/01/1900;00/01/1900;00/01/1900;00/01/1900;00/01/1900;00/01/1900;00/01/1900;00/01/1900;00/01/1900;00/01/1900;00/01/1900;00/01/1900;00/01/1900;00/01/1900;00/01/1900;00/01/1900;00/01/1900;00/01/1900;00/01/1900;00/01/1900
1746;VRAI;04/09/2018;00/01/1900;00/01/1900;00/01/1900;;00/01/1900;00/01/1900;00/01/1900;00/01/1900;00/01/1900;00/01/1900;00/01/1900;00/01/1900;00/01/1900;00/01/1900;00/01/1900;00/01/1900;00/01/1900;00/01/1900;00/01/1900;00/01/1900;00/01/1900;00/01/1900;00/01/1900;00/01/1900
1747;VRAI;04/09/2018;00/01/1900;00/01/1900;00/01/1900;;00/01/1900;00/01/1900;00/01/1900;00/01/1900;00/01/1900;00/01/1900;00/01/1900;00/01/1900;00/01/1900;00/01/1900;00/01/1900;00/01/1900;00/01/1900;00/01/1900;00/01/1900;00/01/1900;00/01/1900;00/01/1900;00/01/1900;00/01/1900
1748;VRAI;04/09/2018;00/01/1900;00/01/1900;00/01/1900;;00/01/1900;00/01/1900;00/01/1900;00/01/1900;00/01/1900;00/01/1900;00/01/1900;00/01/1900;00/01/1900;00/01/1900;00/01/1900;00/01/1900;00/01/1900;00/01/1900;00/01/1900;00/01/1900;00/01/1900;00/01/1900;00/01/1900;00/01/1900
1749;VRAI;04/09/2018;00/01/1900;00/01/1900;00/01/1900;;00/01/1900;00/01/1900;00/01/1900;00/01/1900;00/01/1900;00/01/1900;00/01/1900;00/01/1900;00/01/1900;00/01/1900;00/01/1900;00/01/1900;00/01/1900;00/01/1900;00/01/1900;00/01/1900;00/01/1900;00/01/1900;00/01/1900;00/01/1900
1750;VRAI;04/09/2018;00/01/1900;00/01/1900;00/01/1900;;00/01/1900;00/01/1900;00/01/1900;00/01/1900;00/01/1900;00/01/1900;00/01/1900;00/01/1900;00/01/1900;00/01/1900;00/01/1900;00/01/1900;00/01/1900;00/01/1900;00/01/1900;00/01/1900;00/01/1900;00/01/1900;00/01/1900;00/01/1900
1751;VRAI;04/09/2018;00/01/1900;00/01/1900;00/01/1900;;00/01/1900;00/01/1900;00/01/1900;00/01/1900;00/01/1900;00/01/1900;00/01/1900;00/01/1900;00/01/1900;00/01/1900;00/01/1900;00/01/1900;00/01/1900;00/01/1900;00/01/1900;00/01/1900;00/01/1900;00/01/1900;00/01/1900;00/01/1900
1752;VRAI;04/09/2018;00/01/1900;00/01/1900;00/01/1900;;00/01/1900;00/01/1900;00/01/1900;00/01/1900;00/01/1900;00/01/1900;00/01/1900;00/01/1900;00/01/1900;00/01/1900;00/01/1900;00/01/1900;00/01/1900;00/01/1900;00/01/1900;00/01/1900;00/01/1900;00/01/1900;00/01/1900;00/01/1900
1753;FAUX;07/09/2018;00/01/1900;00/01/1900;00/01/1900;;00/01/1900;00/01/1900;00/01/1900;00/01/1900;00/01/1900;00/01/1900;00/01/1900;00/01/1900;00/01/1900;00/01/1900;00/01/1900;00/01/1900;00/01/1900;00/01/1900;00/01/1900;00/01/1900;00/01/1900;00/01/1900;00/01/1900;00/01/1900
1754;VRAI;07/09/2018;00/01/1900;00/01/1900;00/01/1900;;00/01/1900;00/01/1900;00/01/1900;00/01/1900;00/01/1900;00/01/1900;00/01/1900;00/01/1900;00/01/1900;00/01/1900;00/01/1900;00/01/1900;00/01/1900;00/01/1900;00/01/1900;00/01/1900;00/01/1900;00/01/1900;00/01/1900;00/01/1900
1755;VRAI;07/09/2018;00/01/1900;00/01/1900;00/01/1900;;00/01/1900;00/01/1900;00/01/1900;00/01/1900;00/01/1900;00/01/1900;00/01/1900;00/01/1900;00/01/1900;00/01/1900;00/01/1900;00/01/1900;00/01/1900;00/01/1900;00/01/1900;00/01/1900;00/01/1900;00/01/1900;00/01/1900;00/01/1900
1756;VRAI;07/09/2018;00/01/1900;00/01/1900;00/01/1900;;00/01/1900;00/01/1900;00/01/1900;00/01/1900;00/01/1900;00/01/1900;00/01/1900;00/01/1900;00/01/1900;00/01/1900;00/01/1900;00/01/1900;00/01/1900;00/01/1900;00/01/1900;00/01/1900;00/01/1900;00/01/1900;00/01/1900;00/01/1900
1757;VRAI;07/09/2018;00/01/1900;00/01/1900;00/01/1900;;00/01/1900;00/01/1900;00/01/1900;00/01/1900;00/01/1900;00/01/1900;00/01/1900;00/01/1900;00/01/1900;00/01/1900;00/01/1900;00/01/1900;00/01/1900;00/01/1900;00/01/1900;00/01/1900;00/01/1900;00/01/1900;00/01/1900;00/01/1900
1758;FAUX;12/09/2018;00/01/1900;00/01/1900;00/01/1900;;00/01/1900;00/01/1900;00/01/1900;00/01/1900;00/01/1900;00/01/1900;00/01/1900;00/01/1900;00/01/1900;00/01/1900;00/01/1900;00/01/1900;00/01/1900;00/01/1900;00/01/1900;00/01/1900;00/01/1900;00/01/1900;00/01/1900;00/01/1900
1759;VRAI;12/09/2018;00/01/1900;00/01/1900;00/01/1900;;00/01/1900;00/01/1900;00/01/1900;00/01/1900;00/01/1900;00/01/1900;00/01/1900;00/01/1900;00/01/1900;00/01/1900;00/01/1900;00/01/1900;00/01/1900;00/01/1900;00/01/1900;00/01/1900;00/01/1900;00/01/1900;00/01/1900;00/01/1900
1760;VRAI;12/09/2018;00/01/1900;00/01/1900;00/01/1900;;00/01/1900;00/01/1900;00/01/1900;00/01/1900;00/01/1900;00/01/1900;00/01/1900;00/01/1900;00/01/1900;00/01/1900;00/01/1900;00/01/1900;00/01/1900;00/01/1900;00/01/1900;00/01/1900;00/01/1900;00/01/1900;00/01/1900;00/01/1900
1761;VRAI;12/09/2018;00/01/1900;00/01/1900;00/01/1900;;00/01/1900;00/01/1900;00/01/1900;00/01/1900;00/01/1900;00/01/1900;00/01/1900;00/01/1900;00/01/1900;00/01/1900;00/01/1900;00/01/1900;00/01/1900;00/01/1900;00/01/1900;00/01/1900;00/01/1900;00/01/1900;00/01/1900;00/01/1900
1762;VRAI;12/09/2018;00/01/1900;00/01/1900;00/01/1900;;00/01/1900;00/01/1900;00/01/1900;00/01/1900;00/01/1900;00/01/1900;00/01/1900;00/01/1900;00/01/1900;00/01/1900;00/01/1900;00/01/1900;00/01/1900;00/01/1900;00/01/1900;00/01/1900;00/01/1900;00/01/1900;00/01/1900;00/01/1900
1763;VRAI;12/09/2018;00/01/1900;00/01/1900;00/01/1900;;00/01/1900;00/01/1900;00/01/1900;00/01/1900;00/01/1900;00/01/1900;00/01/1900;00/01/1900;00/01/1900;00/01/1900;00/01/1900;00/01/1900;00/01/1900;00/01/1900;00/01/1900;00/01/1900;00/01/1900;00/01/1900;00/01/1900;00/01/1900
1764;VRAI;12/09/2018;00/01/1900;00/01/1900;00/01/1900;;00/01/1900;00/01/1900;00/01/1900;00/01/1900;00/01/1900;00/01/1900;00/01/1900;00/01/1900;00/01/1900;00/01/1900;00/01/1900;00/01/1900;00/01/1900;00/01/1900;00/01/1900;00/01/1900;00/01/1900;00/01/1900;00/01/1900;00/01/1900
1765;VRAI;12/09/2018;00/01/1900;00/01/1900;00/01/1900;;00/01/1900;00/01/1900;00/01/1900;00/01/1900;00/01/1900;00/01/1900;00/01/1900;00/01/1900;00/01/1900;00/01/1900;00/01/1900;00/01/1900;00/01/1900;00/01/1900;00/01/1900;00/01/1900;00/01/1900;00/01/1900;00/01/1900;00/01/1900
1766;VRAI;12/09/2018;00/01/1900;00/01/1900;00/01/1900;;00/01/1900;00/01/1900;00/01/1900;00/01/1900;00/01/1900;00/01/1900;00/01/1900;00/01/1900;00/01/1900;00/01/1900;00/01/1900;00/01/1900;00/01/1900;00/01/1900;00/01/1900;00/01/1900;00/01/1900;00/01/1900;00/01/1900;00/01/1900
1767;VRAI;12/09/2018;00/01/1900;00/01/1900;00/01/1900;;00/01/1900;00/01/1900;00/01/1900;00/01/1900;00/01/1900;00/01/1900;00/01/1900;00/01/1900;00/01/1900;00/01/1900;00/01/1900;00/01/1900;00/01/1900;00/01/1900;00/01/1900;00/01/1900;00/01/1900;00/01/1900;00/01/1900;00/01/1900
1768;VRAI;12/09/2018;00/01/1900;00/01/1900;00/01/1900;;00/01/1900;00/01/1900;00/01/1900;00/01/1900;00/01/1900;00/01/1900;00/01/1900;00/01/1900;00/01/1900;00/01/1900;00/01/1900;00/01/1900;00/01/1900;00/01/1900;00/01/1900;00/01/1900;00/01/1900;00/01/1900;00/01/1900;00/01/1900
1769;VRAI;12/09/2018;00/01/1900;00/01/1900;00/01/1900;;00/01/1900;00/01/1900;00/01/1900;00/01/1900;00/01/1900;00/01/1900;00/01/1900;00/01/1900;00/01/1900;00/01/1900;00/01/1900;00/01/1900;00/01/1900;00/01/1900;00/01/1900;00/01/1900;00/01/1900;00/01/1900;00/01/1900;00/01/1900
1770;VRAI;12/09/2018;00/01/1900;00/01/1900;00/01/1900;;00/01/1900;00/01/1900;00/01/1900;00/01/1900;00/01/1900;00/01/1900;00/01/1900;00/01/1900;00/01/1900;00/01/1900;00/01/1900;00/01/1900;00/01/1900;00/01/1900;00/01/1900;00/01/1900;00/01/1900;00/01/1900;00/01/1900;00/01/1900
1771;VRAI;12/09/2018;00/01/1900;00/01/1900;00/01/1900;;00/01/1900;00/01/1900;00/01/1900;00/01/1900;00/01/1900;00/01/1900;00/01/1900;00/01/1900;00/01/1900;00/01/1900;00/01/1900;00/01/1900;00/01/1900;00/01/1900;00/01/1900;00/01/1900;00/01/1900;00/01/1900;00/01/1900;00/01/1900
1772;VRAI;12/09/2018;00/01/1900;00/01/1900;00/01/1900;;00/01/1900;00/01/1900;00/01/1900;00/01/1900;00/01/1900;00/01/1900;00/01/1900;00/01/1900;00/01/1900;00/01/1900;00/01/1900;00/01/1900;00/01/1900;00/01/1900;00/01/1900;00/01/1900;00/01/1900;00/01/1900;00/01/1900;00/01/1900
1773;VRAI;12/09/2018;00/01/1900;00/01/1900;00/01/1900;;00/01/1900;00/01/1900;00/01/1900;00/01/1900;00/01/1900;00/01/1900;00/01/1900;00/01/1900;00/01/1900;00/01/1900;00/01/1900;00/01/1900;00/01/1900;00/01/1900;00/01/1900;00/01/1900;00/01/1900;00/01/1900;00/01/1900;00/01/1900
1774;VRAI;12/09/2018;00/01/1900;00/01/1900;00/01/1900;;00/01/1900;00/01/1900;00/01/1900;00/01/1900;00/01/1900;00/01/1900;00/01/1900;00/01/1900;00/01/1900;00/01/1900;00/01/1900;00/01/1900;00/01/1900;00/01/1900;00/01/1900;00/01/1900;00/01/1900;00/01/1900;00/01/1900;00/01/1900
1775;VRAI;13/09/2018;00/01/1900;00/01/1900;00/01/1900;;00/01/1900;00/01/1900;00/01/1900;00/01/1900;00/01/1900;00/01/1900;00/01/1900;00/01/1900;00/01/1900;00/01/1900;00/01/1900;00/01/1900;00/01/1900;00/01/1900;00/01/1900;00/01/1900;00/01/1900;00/01/1900;00/01/1900;00/01/1900
1776;VRAI;13/09/2018;00/01/1900;00/01/1900;00/01/1900;;00/01/1900;00/01/1900;00/01/1900;00/01/1900;00/01/1900;00/01/1900;00/01/1900;00/01/1900;00/01/1900;00/01/1900;00/01/1900;00/01/1900;00/01/1900;00/01/1900;00/01/1900;00/01/1900;00/01/1900;00/01/1900;00/01/1900;00/01/1900
1777;VRAI;13/09/2018;00/01/1900;00/01/1900;00/01/1900;;00/01/1900;00/01/1900;00/01/1900;00/01/1900;00/01/1900;00/01/1900;00/01/1900;00/01/1900;00/01/1900;00/01/1900;00/01/1900;00/01/1900;00/01/1900;00/01/1900;00/01/1900;00/01/1900;00/01/1900;00/01/1900;00/01/1900;00/01/1900
1778;VRAI;13/09/2018;00/01/1900;00/01/1900;00/01/1900;;00/01/1900;00/01/1900;00/01/1900;00/01/1900;00/01/1900;00/01/1900;00/01/1900;00/01/1900;00/01/1900;00/01/1900;00/01/1900;00/01/1900;00/01/1900;00/01/1900;00/01/1900;00/01/1900;00/01/1900;00/01/1900;00/01/1900;00/01/1900
1779;VRAI;13/09/2018;00/01/1900;00/01/1900;00/01/1900;;00/01/1900;00/01/1900;00/01/1900;00/01/1900;00/01/1900;00/01/1900;00/01/1900;00/01/1900;00/01/1900;00/01/1900;00/01/1900;00/01/1900;00/01/1900;00/01/1900;00/01/1900;00/01/1900;00/01/1900;00/01/1900;00/01/1900;00/01/1900
1780;VRAI;13/09/2018;00/01/1900;00/01/1900;00/01/1900;;00/01/1900;00/01/1900;00/01/1900;00/01/1900;00/01/1900;00/01/1900;00/01/1900;00/01/1900;00/01/1900;00/01/1900;00/01/1900;00/01/1900;00/01/1900;00/01/1900;00/01/1900;00/01/1900;00/01/1900;00/01/1900;00/01/1900;00/01/1900
1781;VRAI;13/09/2018;00/01/1900;00/01/1900;00/01/1900;;00/01/1900;00/01/1900;00/01/1900;00/01/1900;00/01/1900;00/01/1900;00/01/1900;00/01/1900;00/01/1900;00/01/1900;00/01/1900;00/01/1900;00/01/1900;00/01/1900;00/01/1900;00/01/1900;00/01/1900;00/01/1900;00/01/1900;00/01/1900
1782;VRAI;13/09/2018;00/01/1900;00/01/1900;00/01/1900;;00/01/1900;00/01/1900;00/01/1900;00/01/1900;00/01/1900;00/01/1900;00/01/1900;00/01/1900;00/01/1900;00/01/1900;00/01/1900;00/01/1900;00/01/1900;00/01/1900;00/01/1900;00/01/1900;00/01/1900;00/01/1900;00/01/1900;00/01/1900
1783;VRAI;13/09/2018;00/01/1900;00/01/1900;00/01/1900;;00/01/1900;00/01/1900;00/01/1900;00/01/1900;00/01/1900;00/01/1900;00/01/1900;00/01/1900;00/01/1900;00/01/1900;00/01/1900;00/01/1900;00/01/1900;00/01/1900;00/01/1900;00/01/1900;00/01/1900;00/01/1900;00/01/1900;00/01/1900
1784;VRAI;13/09/2018;00/01/1900;00/01/1900;00/01/1900;;00/01/1900;00/01/1900;00/01/1900;00/01/1900;00/01/1900;00/01/1900;00/01/1900;00/01/1900;00/01/1900;00/01/1900;00/01/1900;00/01/1900;00/01/1900;00/01/1900;00/01/1900;00/01/1900;00/01/1900;00/01/1900;00/01/1900;00/01/1900
1785;VRAI;13/09/2018;00/01/1900;00/01/1900;00/01/1900;;00/01/1900;00/01/1900;00/01/1900;00/01/1900;00/01/1900;00/01/1900;00/01/1900;00/01/1900;00/01/1900;00/01/1900;00/01/1900;00/01/1900;00/01/1900;00/01/1900;00/01/1900;00/01/1900;00/01/1900;00/01/1900;00/01/1900;00/01/1900
1786;VRAI;13/09/2018;00/01/1900;00/01/1900;00/01/1900;;00/01/1900;00/01/1900;00/01/1900;00/01/1900;00/01/1900;00/01/1900;00/01/1900;00/01/1900;00/01/1900;00/01/1900;00/01/1900;00/01/1900;00/01/1900;00/01/1900;00/01/1900;00/01/1900;00/01/1900;00/01/1900;00/01/1900;00/01/1900
1787;VRAI;13/09/2018;00/01/1900;00/01/1900;00/01/1900;;00/01/1900;00/01/1900;00/01/1900;00/01/1900;00/01/1900;00/01/1900;00/01/1900;00/01/1900;00/01/1900;00/01/1900;00/01/1900;00/01/1900;00/01/1900;00/01/1900;00/01/1900;00/01/1900;00/01/1900;00/01/1900;00/01/1900;00/01/1900
1788;VRAI;13/09/2018;00/01/1900;00/01/1900;00/01/1900;;00/01/1900;00/01/1900;00/01/1900;00/01/1900;00/01/1900;00/01/1900;00/01/1900;00/01/1900;00/01/1900;00/01/1900;00/01/1900;00/01/1900;00/01/1900;00/01/1900;00/01/1900;00/01/1900;00/01/1900;00/01/1900;00/01/1900;00/01/1900
1789;VRAI;13/09/2018;00/01/1900;00/01/1900;00/01/1900;;00/01/1900;00/01/1900;00/01/1900;00/01/1900;00/01/1900;00/01/1900;00/01/1900;00/01/1900;00/01/1900;00/01/1900;00/01/1900;00/01/1900;00/01/1900;00/01/1900;00/01/1900;00/01/1900;00/01/1900;00/01/1900;00/01/1900;00/01/1900
1790;VRAI;13/09/2018;00/01/1900;00/01/1900;00/01/1900;;00/01/1900;00/01/1900;00/01/1900;00/01/1900;00/01/1900;00/01/1900;00/01/1900;00/01/1900;00/01/1900;00/01/1900;00/01/1900;00/01/1900;00/01/1900;00/01/1900;00/01/1900;00/01/1900;00/01/1900;00/01/1900;00/01/1900;00/01/1900
1791;VRAI;13/09/2018;00/01/1900;00/01/1900;00/01/1900;;00/01/1900;00/01/1900;00/01/1900;00/01/1900;00/01/1900;00/01/1900;00/01/1900;00/01/1900;00/01/1900;00/01/1900;00/01/1900;00/01/1900;00/01/1900;00/01/1900;00/01/1900;00/01/1900;00/01/1900;00/01/1900;00/01/1900;00/01/1900
1792;VRAI;13/09/2018;00/01/1900;00/01/1900;00/01/1900;;00/01/1900;00/01/1900;00/01/1900;00/01/1900;00/01/1900;00/01/1900;00/01/1900;00/01/1900;00/01/1900;00/01/1900;00/01/1900;00/01/1900;00/01/1900;00/01/1900;00/01/1900;00/01/1900;00/01/1900;00/01/1900;00/01/1900;00/01/1900
1793;FAUX;19/09/2018;00/01/1900;00/01/1900;00/01/1900;;00/01/1900;00/01/1900;00/01/1900;00/01/1900;00/01/1900;00/01/1900;00/01/1900;00/01/1900;00/01/1900;00/01/1900;00/01/1900;00/01/1900;00/01/1900;00/01/1900;00/01/1900;00/01/1900;00/01/1900;00/01/1900;00/01/1900;00/01/1900
1794;VRAI;19/09/2018;00/01/1900;00/01/1900;00/01/1900;;00/01/1900;00/01/1900;00/01/1900;00/01/1900;00/01/1900;00/01/1900;00/01/1900;00/01/1900;00/01/1900;00/01/1900;00/01/1900;00/01/1900;00/01/1900;00/01/1900;00/01/1900;00/01/1900;00/01/1900;00/01/1900;00/01/1900;00/01/1900
1795;VRAI;19/09/2018;00/01/1900;00/01/1900;00/01/1900;;00/01/1900;00/01/1900;00/01/1900;00/01/1900;00/01/1900;00/01/1900;00/01/1900;00/01/1900;00/01/1900;00/01/1900;00/01/1900;00/01/1900;00/01/1900;00/01/1900;00/01/1900;00/01/1900;00/01/1900;00/01/1900;00/01/1900;00/01/1900
1796;VRAI;19/09/2018;00/01/1900;00/01/1900;00/01/1900;;00/01/1900;00/01/1900;00/01/1900;00/01/1900;00/01/1900;00/01/1900;00/01/1900;00/01/1900;00/01/1900;00/01/1900;00/01/1900;00/01/1900;00/01/1900;00/01/1900;00/01/1900;00/01/1900;00/01/1900;00/01/1900;00/01/1900;00/01/1900
1797;VRAI;19/09/2018;00/01/1900;00/01/1900;00/01/1900;;00/01/1900;00/01/1900;00/01/1900;00/01/1900;00/01/1900;00/01/1900;00/01/1900;00/01/1900;00/01/1900;00/01/1900;00/01/1900;00/01/1900;00/01/1900;00/01/1900;00/01/1900;00/01/1900;00/01/1900;00/01/1900;00/01/1900;00/01/1900
1798;VRAI;19/09/2018;00/01/1900;00/01/1900;00/01/1900;;00/01/1900;00/01/1900;00/01/1900;00/01/1900;00/01/1900;00/01/1900;00/01/1900;00/01/1900;00/01/1900;00/01/1900;00/01/1900;00/01/1900;00/01/1900;00/01/1900;00/01/1900;00/01/1900;00/01/1900;00/01/1900;00/01/1900;00/01/1900
1799;VRAI;19/09/2018;00/01/1900;00/01/1900;00/01/1900;;00/01/1900;00/01/1900;00/01/1900;00/01/1900;00/01/1900;00/01/1900;00/01/1900;00/01/1900;00/01/1900;00/01/1900;00/01/1900;00/01/1900;00/01/1900;00/01/1900;00/01/1900;00/01/1900;00/01/1900;00/01/1900;00/01/1900;00/01/1900
1800;VRAI;19/09/2018;00/01/1900;00/01/1900;00/01/1900;;00/01/1900;00/01/1900;00/01/1900;00/01/1900;00/01/1900;00/01/1900;00/01/1900;00/01/1900;00/01/1900;00/01/1900;00/01/1900;00/01/1900;00/01/1900;00/01/1900;00/01/1900;00/01/1900;00/01/1900;00/01/1900;00/01/1900;00/01/1900
1801;VRAI;19/09/2018;00/01/1900;00/01/1900;00/01/1900;;00/01/1900;00/01/1900;00/01/1900;00/01/1900;00/01/1900;00/01/1900;00/01/1900;00/01/1900;00/01/1900;00/01/1900;00/01/1900;00/01/1900;00/01/1900;00/01/1900;00/01/1900;00/01/1900;00/01/1900;00/01/1900;00/01/1900;00/01/1900
1802;VRAI;19/09/2018;00/01/1900;00/01/1900;00/01/1900;;00/01/1900;00/01/1900;00/01/1900;00/01/1900;00/01/1900;00/01/1900;00/01/1900;00/01/1900;00/01/1900;00/01/1900;00/01/1900;00/01/1900;00/01/1900;00/01/1900;00/01/1900;00/01/1900;00/01/1900;00/01/1900;00/01/1900;00/01/1900
1803;VRAI;19/09/2018;00/01/1900;00/01/1900;00/01/1900;;00/01/1900;00/01/1900;00/01/1900;00/01/1900;00/01/1900;00/01/1900;00/01/1900;00/01/1900;00/01/1900;00/01/1900;00/01/1900;00/01/1900;00/01/1900;00/01/1900;00/01/1900;00/01/1900;00/01/1900;00/01/1900;00/01/1900;00/01/1900
1804;VRAI;19/09/2018;00/01/1900;00/01/1900;00/01/1900;;00/01/1900;00/01/1900;00/01/1900;00/01/1900;00/01/1900;00/01/1900;00/01/1900;00/01/1900;00/01/1900;00/01/1900;00/01/1900;00/01/1900;00/01/1900;00/01/1900;00/01/1900;00/01/1900;00/01/1900;00/01/1900;00/01/1900;00/01/1900
1805;VRAI;19/09/2018;00/01/1900;00/01/1900;00/01/1900;;00/01/1900;00/01/1900;00/01/1900;00/01/1900;00/01/1900;00/01/1900;00/01/1900;00/01/1900;00/01/1900;00/01/1900;00/01/1900;00/01/1900;00/01/1900;00/01/1900;00/01/1900;00/01/1900;00/01/1900;00/01/1900;00/01/1900;00/01/1900
1806;VRAI;19/09/2018;00/01/1900;00/01/1900;00/01/1900;;00/01/1900;00/01/1900;00/01/1900;00/01/1900;00/01/1900;00/01/1900;00/01/1900;00/01/1900;00/01/1900;00/01/1900;00/01/1900;00/01/1900;00/01/1900;00/01/1900;00/01/1900;00/01/1900;00/01/1900;00/01/1900;00/01/1900;00/01/1900
1807;VRAI;19/09/2018;00/01/1900;00/01/1900;00/01/1900;;00/01/1900;00/01/1900;00/01/1900;00/01/1900;00/01/1900;00/01/1900;00/01/1900;00/01/1900;00/01/1900;00/01/1900;00/01/1900;00/01/1900;00/01/1900;00/01/1900;00/01/1900;00/01/1900;00/01/1900;00/01/1900;00/01/1900;00/01/1900
1808;VRAI;20/09/2018;00/01/1900;00/01/1900;00/01/1900;;00/01/1900;00/01/1900;00/01/1900;00/01/1900;00/01/1900;00/01/1900;00/01/1900;00/01/1900;00/01/1900;00/01/1900;00/01/1900;00/01/1900;00/01/1900;00/01/1900;00/01/1900;00/01/1900;00/01/1900;00/01/1900;00/01/1900;00/01/1900
1809;VRAI;20/09/2018;00/01/1900;00/01/1900;00/01/1900;;00/01/1900;00/01/1900;00/01/1900;00/01/1900;00/01/1900;00/01/1900;00/01/1900;00/01/1900;00/01/1900;00/01/1900;00/01/1900;00/01/1900;00/01/1900;00/01/1900;00/01/1900;00/01/1900;00/01/1900;00/01/1900;00/01/1900;00/01/1900
1810;VRAI;20/09/2018;00/01/1900;00/01/1900;00/01/1900;;00/01/1900;00/01/1900;00/01/1900;00/01/1900;00/01/1900;00/01/1900;00/01/1900;00/01/1900;00/01/1900;00/01/1900;00/01/1900;00/01/1900;00/01/1900;00/01/1900;00/01/1900;00/01/1900;00/01/1900;00/01/1900;00/01/1900;00/01/1900
1811;VRAI;20/09/2018;00/01/1900;00/01/1900;00/01/1900;;00/01/1900;00/01/1900;00/01/1900;00/01/1900;00/01/1900;00/01/1900;00/01/1900;00/01/1900;00/01/1900;00/01/1900;00/01/1900;00/01/1900;00/01/1900;00/01/1900;00/01/1900;00/01/1900;00/01/1900;00/01/1900;00/01/1900;00/01/1900
1812;VRAI;20/09/2018;00/01/1900;00/01/1900;00/01/1900;;00/01/1900;00/01/1900;00/01/1900;00/01/1900;00/01/1900;00/01/1900;00/01/1900;00/01/1900;00/01/1900;00/01/1900;00/01/1900;00/01/1900;00/01/1900;00/01/1900;00/01/1900;00/01/1900;00/01/1900;00/01/1900;00/01/1900;00/01/1900
1813;VRAI;20/09/2018;00/01/1900;00/01/1900;00/01/1900;;00/01/1900;00/01/1900;00/01/1900;00/01/1900;00/01/1900;00/01/1900;00/01/1900;00/01/1900;00/01/1900;00/01/1900;00/01/1900;00/01/1900;00/01/1900;00/01/1900;00/01/1900;00/01/1900;00/01/1900;00/01/1900;00/01/1900;00/01/1900
1814;VRAI;20/09/2018;00/01/1900;00/01/1900;00/01/1900;;00/01/1900;00/01/1900;00/01/1900;00/01/1900;00/01/1900;00/01/1900;00/01/1900;00/01/1900;00/01/1900;00/01/1900;00/01/1900;00/01/1900;00/01/1900;00/01/1900;00/01/1900;00/01/1900;00/01/1900;00/01/1900;00/01/1900;00/01/1900
1815;VRAI;20/09/2018;00/01/1900;00/01/1900;00/01/1900;;00/01/1900;00/01/1900;00/01/1900;00/01/1900;00/01/1900;00/01/1900;00/01/1900;00/01/1900;00/01/1900;00/01/1900;00/01/1900;00/01/1900;00/01/1900;00/01/1900;00/01/1900;00/01/1900;00/01/1900;00/01/1900;00/01/1900;00/01/1900
1816;VRAI;20/09/2018;00/01/1900;00/01/1900;00/01/1900;;00/01/1900;00/01/1900;00/01/1900;00/01/1900;00/01/1900;00/01/1900;00/01/1900;00/01/1900;00/01/1900;00/01/1900;00/01/1900;00/01/1900;00/01/1900;00/01/1900;00/01/1900;00/01/1900;00/01/1900;00/01/1900;00/01/1900;00/01/1900
1817;VRAI;20/09/2018;00/01/1900;00/01/1900;00/01/1900;;00/01/1900;00/01/1900;00/01/1900;00/01/1900;00/01/1900;00/01/1900;00/01/1900;00/01/1900;00/01/1900;00/01/1900;00/01/1900;00/01/1900;00/01/1900;00/01/1900;00/01/1900;00/01/1900;00/01/1900;00/01/1900;00/01/1900;00/01/1900
1818;VRAI;20/09/2018;00/01/1900;00/01/1900;00/01/1900;;00/01/1900;00/01/1900;00/01/1900;00/01/1900;00/01/1900;00/01/1900;00/01/1900;00/01/1900;00/01/1900;00/01/1900;00/01/1900;00/01/1900;00/01/1900;00/01/1900;00/01/1900;00/01/1900;00/01/1900;00/01/1900;00/01/1900;00/01/1900
1819;VRAI;20/09/2018;00/01/1900;00/01/1900;00/01/1900;;00/01/1900;00/01/1900;00/01/1900;00/01/1900;00/01/1900;00/01/1900;00/01/1900;00/01/1900;00/01/1900;00/01/1900;00/01/1900;00/01/1900;00/01/1900;00/01/1900;00/01/1900;00/01/1900;00/01/1900;00/01/1900;00/01/1900;00/01/1900
1820;VRAI;20/09/2018;00/01/1900;00/01/1900;00/01/1900;;00/01/1900;00/01/1900;00/01/1900;00/01/1900;00/01/1900;00/01/1900;00/01/1900;00/01/1900;00/01/1900;00/01/1900;00/01/1900;00/01/1900;00/01/1900;00/01/1900;00/01/1900;00/01/1900;00/01/1900;00/01/1900;00/01/1900;00/01/1900
1821;VRAI;20/09/2018;00/01/1900;00/01/1900;00/01/1900;;00/01/1900;00/01/1900;00/01/1900;00/01/1900;00/01/1900;00/01/1900;00/01/1900;00/01/1900;00/01/1900;00/01/1900;00/01/1900;00/01/1900;00/01/1900;00/01/1900;00/01/1900;00/01/1900;00/01/1900;00/01/1900;00/01/1900;00/01/1900
1822;VRAI;20/09/2018;00/01/1900;00/01/1900;00/01/1900;;00/01/1900;00/01/1900;00/01/1900;00/01/1900;00/01/1900;00/01/1900;00/01/1900;00/01/1900;00/01/1900;00/01/1900;00/01/1900;00/01/1900;00/01/1900;00/01/1900;00/01/1900;00/01/1900;00/01/1900;00/01/1900;00/01/1900;00/01/1900
1823;VRAI;20/09/2018;00/01/1900;00/01/1900;00/01/1900;;00/01/1900;00/01/1900;00/01/1900;00/01/1900;00/01/1900;00/01/1900;00/01/1900;00/01/1900;00/01/1900;00/01/1900;00/01/1900;00/01/1900;00/01/1900;00/01/1900;00/01/1900;00/01/1900;00/01/1900;00/01/1900;00/01/1900;00/01/1900
1824;VRAI;20/09/2018;00/01/1900;00/01/1900;00/01/1900;;00/01/1900;00/01/1900;00/01/1900;00/01/1900;00/01/1900;00/01/1900;00/01/1900;00/01/1900;00/01/1900;00/01/1900;00/01/1900;00/01/1900;00/01/1900;00/01/1900;00/01/1900;00/01/1900;00/01/1900;00/01/1900;00/01/1900;00/01/1900
1825;VRAI;20/09/2018;00/01/1900;00/01/1900;00/01/1900;;00/01/1900;00/01/1900;00/01/1900;00/01/1900;00/01/1900;00/01/1900;00/01/1900;00/01/1900;00/01/1900;00/01/1900;00/01/1900;00/01/1900;00/01/1900;00/01/1900;00/01/1900;00/01/1900;00/01/1900;00/01/1900;00/01/1900;00/01/1900
1826;VRAI;20/09/2018;00/01/1900;00/01/1900;00/01/1900;;00/01/1900;00/01/1900;00/01/1900;00/01/1900;00/01/1900;00/01/1900;00/01/1900;00/01/1900;00/01/1900;00/01/1900;00/01/1900;00/01/1900;00/01/1900;00/01/1900;00/01/1900;00/01/1900;00/01/1900;00/01/1900;00/01/1900;00/01/1900
1827;FAUX;20/09/2018;00/01/1900;00/01/1900;00/01/1900;;00/01/1900;00/01/1900;00/01/1900;00/01/1900;00/01/1900;00/01/1900;00/01/1900;00/01/1900;00/01/1900;00/01/1900;00/01/1900;00/01/1900;00/01/1900;00/01/1900;00/01/1900;00/01/1900;00/01/1900;00/01/1900;00/01/1900;00/01/1900
1828;VRAI;20/09/2018;00/01/1900;00/01/1900;00/01/1900;;00/01/1900;00/01/1900;00/01/1900;00/01/1900;00/01/1900;00/01/1900;00/01/1900;00/01/1900;00/01/1900;00/01/1900;00/01/1900;00/01/1900;00/01/1900;00/01/1900;00/01/1900;00/01/1900;00/01/1900;00/01/1900;00/01/1900;00/01/1900
1829;VRAI;20/09/2018;00/01/1900;00/01/1900;00/01/1900;;00/01/1900;00/01/1900;00/01/1900;00/01/1900;00/01/1900;00/01/1900;00/01/1900;00/01/1900;00/01/1900;00/01/1900;00/01/1900;00/01/1900;00/01/1900;00/01/1900;00/01/1900;00/01/1900;00/01/1900;00/01/1900;00/01/1900;00/01/1900
1830;VRAI;20/09/2018;00/01/1900;00/01/1900;00/01/1900;;00/01/1900;00/01/1900;00/01/1900;00/01/1900;00/01/1900;00/01/1900;00/01/1900;00/01/1900;00/01/1900;00/01/1900;00/01/1900;00/01/1900;00/01/1900;00/01/1900;00/01/1900;00/01/1900;00/01/1900;00/01/1900;00/01/1900;00/01/1900
1831;VRAI;21/09/2018;00/01/1900;00/01/1900;00/01/1900;;00/01/1900;00/01/1900;00/01/1900;00/01/1900;00/01/1900;00/01/1900;00/01/1900;00/01/1900;00/01/1900;00/01/1900;00/01/1900;00/01/1900;00/01/1900;00/01/1900;00/01/1900;00/01/1900;00/01/1900;00/01/1900;00/01/1900;00/01/1900
1832;VRAI;21/09/2018;00/01/1900;00/01/1900;00/01/1900;;00/01/1900;00/01/1900;00/01/1900;00/01/1900;00/01/1900;00/01/1900;00/01/1900;00/01/1900;00/01/1900;00/01/1900;00/01/1900;00/01/1900;00/01/1900;00/01/1900;00/01/1900;00/01/1900;00/01/1900;00/01/1900;00/01/1900;00/01/1900
1833;VRAI;21/09/2018;00/01/1900;00/01/1900;00/01/1900;;00/01/1900;00/01/1900;00/01/1900;00/01/1900;00/01/1900;00/01/1900;00/01/1900;00/01/1900;00/01/1900;00/01/1900;00/01/1900;00/01/1900;00/01/1900;00/01/1900;00/01/1900;00/01/1900;00/01/1900;00/01/1900;00/01/1900;00/01/1900
1834;VRAI;21/09/2018;00/01/1900;00/01/1900;00/01/1900;;00/01/1900;00/01/1900;00/01/1900;00/01/1900;00/01/1900;00/01/1900;00/01/1900;00/01/1900;00/01/1900;00/01/1900;00/01/1900;00/01/1900;00/01/1900;00/01/1900;00/01/1900;00/01/1900;00/01/1900;00/01/1900;00/01/1900;00/01/1900
1835;VRAI;21/09/2018;00/01/1900;00/01/1900;00/01/1900;;00/01/1900;00/01/1900;00/01/1900;00/01/1900;00/01/1900;00/01/1900;00/01/1900;00/01/1900;00/01/1900;00/01/1900;00/01/1900;00/01/1900;00/01/1900;00/01/1900;00/01/1900;00/01/1900;00/01/1900;00/01/1900;00/01/1900;00/01/1900
1836;VRAI;21/09/2018;00/01/1900;00/01/1900;00/01/1900;;00/01/1900;00/01/1900;00/01/1900;00/01/1900;00/01/1900;00/01/1900;00/01/1900;00/01/1900;00/01/1900;00/01/1900;00/01/1900;00/01/1900;00/01/1900;00/01/1900;00/01/1900;00/01/1900;00/01/1900;00/01/1900;00/01/1900;00/01/1900
1837;VRAI;21/09/2018;00/01/1900;00/01/1900;00/01/1900;;00/01/1900;00/01/1900;00/01/1900;00/01/1900;00/01/1900;00/01/1900;00/01/1900;00/01/1900;00/01/1900;00/01/1900;00/01/1900;00/01/1900;00/01/1900;00/01/1900;00/01/1900;00/01/1900;00/01/1900;00/01/1900;00/01/1900;00/01/1900
1838;VRAI;21/09/2018;00/01/1900;00/01/1900;00/01/1900;;00/01/1900;00/01/1900;00/01/1900;00/01/1900;00/01/1900;00/01/1900;00/01/1900;00/01/1900;00/01/1900;00/01/1900;00/01/1900;00/01/1900;00/01/1900;00/01/1900;00/01/1900;00/01/1900;00/01/1900;00/01/1900;00/01/1900;00/01/1900
1839;VRAI;21/09/2018;00/01/1900;00/01/1900;00/01/1900;;00/01/1900;00/01/1900;00/01/1900;00/01/1900;00/01/1900;00/01/1900;00/01/1900;00/01/1900;00/01/1900;00/01/1900;00/01/1900;00/01/1900;00/01/1900;00/01/1900;00/01/1900;00/01/1900;00/01/1900;00/01/1900;00/01/1900;00/01/1900
1840;VRAI;21/09/2018;00/01/1900;00/01/1900;00/01/1900;;00/01/1900;00/01/1900;00/01/1900;00/01/1900;00/01/1900;00/01/1900;00/01/1900;00/01/1900;00/01/1900;00/01/1900;00/01/1900;00/01/1900;00/01/1900;00/01/1900;00/01/1900;00/01/1900;00/01/1900;00/01/1900;00/01/1900;00/01/1900
1841;VRAI;21/09/2018;00/01/1900;00/01/1900;00/01/1900;;00/01/1900;00/01/1900;00/01/1900;00/01/1900;00/01/1900;00/01/1900;00/01/1900;00/01/1900;00/01/1900;00/01/1900;00/01/1900;00/01/1900;00/01/1900;00/01/1900;00/01/1900;00/01/1900;00/01/1900;00/01/1900;00/01/1900;00/01/1900
1842;VRAI;21/09/2018;00/01/1900;00/01/1900;00/01/1900;;00/01/1900;00/01/1900;00/01/1900;00/01/1900;00/01/1900;00/01/1900;00/01/1900;00/01/1900;00/01/1900;00/01/1900;00/01/1900;00/01/1900;00/01/1900;00/01/1900;00/01/1900;00/01/1900;00/01/1900;00/01/1900;00/01/1900;00/01/1900
1843;VRAI;21/09/2018;00/01/1900;00/01/1900;00/01/1900;;00/01/1900;00/01/1900;00/01/1900;00/01/1900;00/01/1900;00/01/1900;00/01/1900;00/01/1900;00/01/1900;00/01/1900;00/01/1900;00/01/1900;00/01/1900;00/01/1900;00/01/1900;00/01/1900;00/01/1900;00/01/1900;00/01/1900;00/01/1900
1844;VRAI;21/09/2018;00/01/1900;00/01/1900;00/01/1900;;00/01/1900;00/01/1900;00/01/1900;00/01/1900;00/01/1900;00/01/1900;00/01/1900;00/01/1900;00/01/1900;00/01/1900;00/01/1900;00/01/1900;00/01/1900;00/01/1900;00/01/1900;00/01/1900;00/01/1900;00/01/1900;00/01/1900;00/01/1900
1845;VRAI;21/09/2018;00/01/1900;00/01/1900;00/01/1900;;00/01/1900;00/01/1900;00/01/1900;00/01/1900;00/01/1900;00/01/1900;00/01/1900;00/01/1900;00/01/1900;00/01/1900;00/01/1900;00/01/1900;00/01/1900;00/01/1900;00/01/1900;00/01/1900;00/01/1900;00/01/1900;00/01/1900;00/01/1900
1846;VRAI;21/09/2018;00/01/1900;00/01/1900;00/01/1900;;00/01/1900;00/01/1900;00/01/1900;00/01/1900;00/01/1900;00/01/1900;00/01/1900;00/01/1900;00/01/1900;00/01/1900;00/01/1900;00/01/1900;00/01/1900;00/01/1900;00/01/1900;00/01/1900;00/01/1900;00/01/1900;00/01/1900;00/01/1900
1847;VRAI;21/09/2018;00/01/1900;00/01/1900;00/01/1900;;00/01/1900;00/01/1900;00/01/1900;00/01/1900;00/01/1900;00/01/1900;00/01/1900;00/01/1900;00/01/1900;00/01/1900;00/01/1900;00/01/1900;00/01/1900;00/01/1900;00/01/1900;00/01/1900;00/01/1900;00/01/1900;00/01/1900;00/01/1900
1848;FAUX;21/09/2018;00/01/1900;00/01/1900;00/01/1900;;00/01/1900;00/01/1900;00/01/1900;00/01/1900;00/01/1900;00/01/1900;00/01/1900;00/01/1900;00/01/1900;00/01/1900;00/01/1900;00/01/1900;00/01/1900;00/01/1900;00/01/1900;00/01/1900;00/01/1900;00/01/1900;00/01/1900;00/01/1900
1849;VRAI;21/09/2018;00/01/1900;00/01/1900;00/01/1900;;00/01/1900;00/01/1900;00/01/1900;00/01/1900;00/01/1900;00/01/1900;00/01/1900;00/01/1900;00/01/1900;00/01/1900;00/01/1900;00/01/1900;00/01/1900;00/01/1900;00/01/1900;00/01/1900;00/01/1900;00/01/1900;00/01/1900;00/01/1900
1850;FAUX;21/09/2018;00/01/1900;00/01/1900;00/01/1900;;00/01/1900;00/01/1900;00/01/1900;00/01/1900;00/01/1900;00/01/1900;00/01/1900;00/01/1900;00/01/1900;00/01/1900;00/01/1900;00/01/1900;00/01/1900;00/01/1900;00/01/1900;00/01/1900;00/01/1900;00/01/1900;00/01/1900;00/01/1900
1851;VRAI;21/09/2018;00/01/1900;00/01/1900;00/01/1900;;00/01/1900;00/01/1900;00/01/1900;00/01/1900;00/01/1900;00/01/1900;00/01/1900;00/01/1900;00/01/1900;00/01/1900;00/01/1900;00/01/1900;00/01/1900;00/01/1900;00/01/1900;00/01/1900;00/01/1900;00/01/1900;00/01/1900;00/01/1900
1852;VRAI;21/09/2018;00/01/1900;00/01/1900;00/01/1900;;00/01/1900;00/01/1900;00/01/1900;00/01/1900;00/01/1900;00/01/1900;00/01/1900;00/01/1900;00/01/1900;00/01/1900;00/01/1900;00/01/1900;00/01/1900;00/01/1900;00/01/1900;00/01/1900;00/01/1900;00/01/1900;00/01/1900;00/01/1900
1853;VRAI;21/09/2018;00/01/1900;00/01/1900;00/01/1900;;00/01/1900;00/01/1900;00/01/1900;00/01/1900;00/01/1900;00/01/1900;00/01/1900;00/01/1900;00/01/1900;00/01/1900;00/01/1900;00/01/1900;00/01/1900;00/01/1900;00/01/1900;00/01/1900;00/01/1900;00/01/1900;00/01/1900;00/01/1900
1854;VRAI;22/09/2018;00/01/1900;00/01/1900;00/01/1900;;00/01/1900;00/01/1900;00/01/1900;00/01/1900;00/01/1900;00/01/1900;00/01/1900;00/01/1900;00/01/1900;00/01/1900;00/01/1900;00/01/1900;00/01/1900;00/01/1900;00/01/1900;00/01/1900;00/01/1900;00/01/1900;00/01/1900;00/01/1900
1855;VRAI;22/09/2018;00/01/1900;00/01/1900;00/01/1900;;00/01/1900;00/01/1900;00/01/1900;00/01/1900;00/01/1900;00/01/1900;00/01/1900;00/01/1900;00/01/1900;00/01/1900;00/01/1900;00/01/1900;00/01/1900;00/01/1900;00/01/1900;00/01/1900;00/01/1900;00/01/1900;00/01/1900;00/01/1900
1856;VRAI;22/09/2018;00/01/1900;00/01/1900;00/01/1900;;00/01/1900;00/01/1900;00/01/1900;00/01/1900;00/01/1900;00/01/1900;00/01/1900;00/01/1900;00/01/1900;00/01/1900;00/01/1900;00/01/1900;00/01/1900;00/01/1900;00/01/1900;00/01/1900;00/01/1900;00/01/1900;00/01/1900;00/01/1900
1857;VRAI;22/09/2018;00/01/1900;00/01/1900;00/01/1900;;00/01/1900;00/01/1900;00/01/1900;00/01/1900;00/01/1900;00/01/1900;00/01/1900;00/01/1900;00/01/1900;00/01/1900;00/01/1900;00/01/1900;00/01/1900;00/01/1900;00/01/1900;00/01/1900;00/01/1900;00/01/1900;00/01/1900;00/01/1900
1858;VRAI;22/09/2018;00/01/1900;00/01/1900;00/01/1900;;00/01/1900;00/01/1900;00/01/1900;00/01/1900;00/01/1900;00/01/1900;00/01/1900;00/01/1900;00/01/1900;00/01/1900;00/01/1900;00/01/1900;00/01/1900;00/01/1900;00/01/1900;00/01/1900;00/01/1900;00/01/1900;00/01/1900;00/01/1900
1859;VRAI;22/09/2018;00/01/1900;00/01/1900;00/01/1900;;00/01/1900;00/01/1900;00/01/1900;00/01/1900;00/01/1900;00/01/1900;00/01/1900;00/01/1900;00/01/1900;00/01/1900;00/01/1900;00/01/1900;00/01/1900;00/01/1900;00/01/1900;00/01/1900;00/01/1900;00/01/1900;00/01/1900;00/01/1900
1860;VRAI;22/09/2018;00/01/1900;00/01/1900;00/01/1900;;00/01/1900;00/01/1900;00/01/1900;00/01/1900;00/01/1900;00/01/1900;00/01/1900;00/01/1900;00/01/1900;00/01/1900;00/01/1900;00/01/1900;00/01/1900;00/01/1900;00/01/1900;00/01/1900;00/01/1900;00/01/1900;00/01/1900;00/01/1900
